year,month,day,event,isHoliday
1396,1,1,جشن نوروز,1
1396,1,1,روز جهانی شعر,0
1396,1,2,عیدنوروز,1
1396,1,2,روز جهانی آب,0
1396,1,3,عیدنوروز,1
1396,1,3,درگذشت فریدریش آوگوست فون هایک  قتصاددان و فیلسوف سیاسی، برندهٔ جایزه نوبل اقتصاد سال ۱۹۷۴,0
1396,1,4,عیدنوروز,1
1396,1,4,درگذشت اسماعیل ادیب خوانساری موسیقیدان ایرانی,0
1396,1,4,زادروز پیتر دبای دانشمند هلندی، برندهٔ جایزه نوبل شیمی سال ۱۹۳۶ میلادی,0
1396,1,6,روز امید، روز شادباش نویسی,0
1396,1,6,زادروز آشو زرتشت، اَبَراِنسان بزرگ تاریخ,0
1396,1,6,زادروز لری پیج کارآفرین و مبتکر آمریکایی، بنیانگذار شرکت گوگل مدیر عامل اجرایی گوگل,0
1396,1,6,درگذشت لودویگ فان بتهوون موسیقی‌دان برجستهٔ آلمانی,0
1396,1,7,روز جهانی تئاتر,0
1396,1,8,درگذشت ویرجینیا وولف، رمان‌نویس، مقاله‌نویس، ناشر، منتقد و فمینیست انگلیسی,0
1396,1,10,جشن آبانگاه,0
1396,1,10,ولادت  امام محمد باقر علیه السلام,0
1396,1,10,درگذشت فریدریش برژیوس شیمیدان آلمانی، برندهٔ جایزه نوبل شیمی سال ۱۹۳۱,0
1396,1,11,برج ایفل در پاریس بطور رسمی گشایش یافت.,0
1396,1,12,روز جمهوری اسلامی,1
1396,1,12,شهادت امام علی النقی الهادی علیه السلام,0
1396,1,13,جشن سیزده به در,1
1396,1,13,درگذشت علی‌اکبر صنعتی نقاش و مجسمه‌ساز ایرانی,0
1396,1,13,روز جهانی کتاب کودک,0
1396,1,13,روز جهانی اطلاع‌رسانی دربارهٔ بیماری اوتیسم,0
1396,1,14,زادروز ابوالحسن صبا موسیقیدان، آهنگساز و نوازندهٔ سرشناس ایرانی,0
1396,1,14,درگذشت یوهانس برامس موسیقی‌دان بزرگ آلمانی,0
1396,1,15,درگذشت پروین اعتصامی,0
1396,1,15,گشایش رسمی مرکز تجارت جهانی,0
1396,1,15,درگذشت ویلهلم اوستوالد شیمیدان آلمانی، برنده جایزه نوبل شیمی سال ۱۹۰۹,0
1396,1,17,سروش روز،جشن سروشگان,0
1396,1,17,درگذشت توماسو آلبینونی آهنگساز ایتالیایی,0
1396,1,17,زاد روز هورست لودویگ اشتورمر فیزیکدان آلمانی، برندهٔ جایزه نوبل فیزیک سال ۱۹۹۸,0
1396,1,17,زاد روز جیمز واتسون ،زیست‌فیزیکدان و متخصّص علم ژنتیک آمریکایی، برندهٔ جایزه نوبل فیزیولوژی و پزشکی سال ۱۹۶۲,0
1396,1,18,روز جهانی بهداشت,0
1396,1,19,فروردین روز،جشن فروردینگان,0
1396,1,19,ولادت امام محمد تقی علیه السلام,0
1396,1,19,درگذشت پابلو پیکاسو  نقاش، شاعر، طراح صحنه، پیکرتراش، گراورساز و سرامیک‌کار اسپانیایی، از بنیانگذاران سبک کوبیسم,0
1396,1,19,درگذشت اریک آکسل کارلفلدت شاعر نمادگرای سوئدی، برندهٔ جایزه نوبل ادبیات سال ۱۹۳۱,0
1396,1,20,درگذشت فرانسوا رابله ادیب، پزشک و نویسنده بزرگ رنسانس فرانسه,0
1396,1,21,درگذشت جبران خلیل جبران نویسنده سرشناس لبنان و آمریکا، خالق اثر مشهور پیامبر,0
1396,1,21,زادروز جوزف پولیتزر روزنامه‌نگار معروف آمریکایی و بنیانگذار جایزه ادبی پولیتزر,0
1396,1,22,ولادت امام علی علیه السلام و روز پدر,1
1396,1,22,زادروز آدلاید لابلی گویارد نقاش فرانسوی,0
1396,1,23,روز دندانپزشک,0
1396,1,23,زادروز یان تینبرگن اقتصاددان، برنده جایزه نوبل اقتصاد سال ۱۹۶۹,0
1396,1,23,درگذشت ایگور یوگنیویچ تام فیزیکدان و ریاضی‌دان روسی، برنده جایزه نوبل فیزیک سال ۱۹۵۸,0
1396,1,24,وفات حضرت زینب سلام الله علیها,0
1396,1,24,درگذشت جان ویلر فیزیکدان آمریکایی، از پیشگامان فیزیک هسته‌ای,0
1396,1,25,روز بزرگداشت عطار نیشابوری,0
1396,1,25,کشتی مسافربر تایتانیک با ۲۲۰۰ مسافر و خدمه در حوالی کانادا غرق شد.,0
1396,1,25,درگذشت جرج فردریک هندل آهنگساز آلمانی,0
1396,1,26,زاد روز لئوناردو داوینچی دانشمند، نقاش، مجسمه‌ساز و معمار نامدار ایتالیایی,0
1396,1,26,درگذشت میخاییل لومونسف نویسنده و دانشمند روسی,0
1396,1,27,زادروز چارلی چاپلین کمدین مشهور، کارگردان و آهنگساز برجستهٔ هالیوود، برندهٔ جایزه اسکار,0
1396,1,27,درگذشت یاسوناری کاواباتا نویسنده ژاپنی، برندهٔ جایزه ادبیات نوبل,0
1396,1,28,درگذشت بنجامین فرانکلین ، دانشمند، نویسنده، ناشر، روزنامه‌نگار، سیاستمدار و دیپلمات دوران انقلاب استقلال آمریکا,0
1396,1,28,درگذشت هنریک کارل پیتر دام زیست‌شناس و شیمیدان برندهٔ جایزه نوبل پزشکی ۱۹۴۳ از دانمارک,0
1396,1,29,روز ارتش جمهوری اسلامی ایران,0
1396,1,29,روز جهانی میراث فرهنگی,0
1396,1,30,روز علوم آزمایشگاهی، زاد روز حکیم سید اسماعیل جرجانی,0
1396,1,30,درگذشت پی‌یر کوری فیزیکدان فرانسوی، برندهٔ جایزه نوبل فیزیک سال۱۹۰۳ به همراه ماری کوری,0
1396,1,30,زادروز گلن سیبورگ دانشمند آمریکایی، برندهٔ جایزه نوبل شیمی سال ۱۹۵۱,0
1396,2,1,روز بزرگداشت سعدی,0
1396,2,1,درگذشت سهراب سپهری شاعر و نقاش ایرانی,0
1396,2,2,جشن گیاه آوری؛ روز زمین,0
1396,2,2,زادروز قیصر امین‌پور نویسنده، مدرس دانشگاه و شاعر معاصرایرانی,0
1396,2,2,زادروز یاور همدانی، شاعر و نویسنده و پژوهشگر ایرانی,0
1396,2,3,روزبزرگداشت شیخ بهایی؛ روزملی کارآفرینی,0
1396,2,3,شهادت امام موسی کاظم علیه السلام,0
1396,2,3,روز جهانی کتاب و حق نشر,0
1396,2,4,آغاز به کار نخستین فرستنده عمومی رادیویی در ایران به نام «رادیو تهران»,0
1396,2,4,زادروز کارل اشپیتلر شاعر سوئیسی آلمانی، برندهٔ جایزه نوبل ادبیات سال ۱۹۱۹,0
1396,2,4,درگذشت ماکس فون لائو فیزیک‌دان آلمانی، برندهٔ جایزه نوبل فیزیک سال ۱۹۱۴,0
1396,2,5,مبعث  رسول اکرم,1
1396,2,5,زادروز گولیلمو مارکونی مهندس برق ایتالیایی، برندهٔ جایزه نوبل فیزیک,0
1396,2,5,زادروز جلیل ضیاءپور، پدر نقاشی مدرن ایران,0
1396,2,6,درگذشت بیورنستیرن بیورنسون نویسندهٔ نروژی، برندهٔ جایزه نوبل ادبیات سال ۱۹۰۳,0
1396,2,6,درگذشت کارل بوش شیمی‌دان و مهندس آلمانی، برندهٔ جایزه نوبل شیمی۱۹۳۱,0
1396,2,7,درگذشت رالف والدو امرسون فیلسوف و نویسندهٔ آمریکایی,0
1396,2,8,زادروز سیمین دانشور نویسنده و مترجم ایرانی,0
1396,2,9,روزشوراها,0
1396,2,9,روز جهانی روانشناس و مشاور,0
1396,2,9,درگذشت ذبیح‌الله صفا، پژوهشگر، مترجم و استاد ممتاز دانشگاه تهران,0
1396,2,10,جشن چهلم نوروز؛ روز ملی خلیج فارس,0
1396,2,10,ولادت سالار شهیدان، امام حسین علیه السلام و روز پاسدار,0
1396,2,10,زادروز کارل فریدریش گاوس ریاضیدان مشهور آلمانی,0
1396,2,11,روزجهانی  کارگر,0
1396,2,11,ولادت ابوالفضل العباس علیه السلام و روز جانباز,0
1396,2,11,انتشار نخستین روزنامه در ایران به نام «کاغذ اخبار» توسط «میرزا صالح شیرازی»,0
1396,2,12,شهادت استاد مرتضی مطهری، روزمعلم,0
1396,2,12,ولادت امام زین العابدین علیه السلام,0
1396,2,12,درگذشت محمدرضا لطفی، نوازندهٔ برجسته و سرشناس تار، سه‌تار و ردیف‌دان، موسیقی‌دان و آهنگساز,0
1396,2,12,درگذشت لئوناردو داوینچی، دانشمند و هنرمند ایتالیایی دورهٔ رنسانس,0
1396,2,13,زادروز جرج پاجت تامسون فیزیک‌دان انگلیسی، برندهٔ جایزه نوبل سال ۱۹۳۷,0
1396,2,13,زادروز آلفرد کاستلر فیزیکدان فرانسوی، برندهٔ جایزه نوبل فیزیک سال ۱۹۶۶,0
1396,2,14,زادروزخواجه عبدالله انصاری، ادیب، عارف و اندیشمند ایرانی,0
1396,2,15,جشن میانه بهار,0
1396,2,15,روز جهانی ماما,0
1396,2,15,زادروز غلامحسین بنان، خوانندهٔ ایرانی,0
1396,2,16,درگذشت حسین منزوی شاعر نامدار ایرانی,0
1396,2,17,روز اسناد ملی و میراث مکتوب,0
1396,2,17,رابیندرانات تاگور شاعر، نویسنده، نقاش و آهنگساز بنگالی، برندهٔ جایزه نوبل ادبیات سال ۱۹۱۳,0
1396,2,17,درگذشت ویلارد بویل فیزیکدان کانادایی، برندهٔ جایزه نوبل فیزیک سال ۲۰۰۹,0
1396,2,18,روز جهانی صلیب سرخ و هلال احمر,0
1396,2,18,ولادت علی اکبر علیه السلام و روز جوان,0
1396,2,19,درگذشت آلبرت آبراهام مایکلسون فیزیک‌دان آمریکایی، برندهٔ جایزه فیزیک نوبل سال ۱۹۰۷,0
1396,2,20,درگذشت توماس یانگ فیزیک‌دان برجستهٔ انگلیسی,0
1396,2,20,نلسون ماندلا، پس از پیروزی در انتخابات، نخستین رئیس‌جمهور سیاه‌پوست آفریقای جنوبی شد.,0
1396,2,21,زادروز فرنگیس یگانگی بنیان‌گذار و نخستین مدیرعامل سازمان صنایع دستی ایران,0
1396,2,22,ولادت حضرت قائم عجل الله تعالی فرجه و جشن نیمه شعبان,1
1396,2,22,زادروز مریم میرزاخانی ریاضیدان ایرانی، اولین زن برندهٔ جایزه فیلدز,0
1396,2,22,روز جهانی زن در ریاضیات (به افتخار روز تولد مریم میرزاخانی),0
1396,2,23,درگذشت ژوزف هانری دانشمند و فیزیکدان سرشناس آمریکایی,0
1396,2,24,زادروز پرویز مشکاتیان آهنگساز، موسیقی‌دان و نوازندهٔ سنتور,0
1396,2,25,روز بزرگداشت فردوسی,0
1396,2,27,روز ارتباطات و روابط عمومی,0
1396,2,27,زادروز ادوارد جنر، پزشک انگلیسی، کاشف واکسن بیماری آبله,0
1396,2,28,روز بزرگداشت حکیم عمر خیام,0
1396,2,28,روز جهانی موزه و میراث فرهنگی,0
1396,2,28,زادروز برتراند راسل ریاضی‌دان، فیلسوف و نویسندهٔ انگلیسی,0
1396,2,29,زادروز ناتانیل هاثورن نویسنده آمریکایی,0
1396,2,29,زادروز یوهان گوتلیب فیشته فیلسوف ایدئالیست آلمانی,0
1396,2,30,زادروز جان استوارت‌میل، فیلسوف و اقتصاددان انگلیسی,0
1396,2,30,درگذشت کریستف کلمب، دریانورد و کاشف ایتالیایی,0
1396,3,1,روز بهره وری و بهینه سازی مصرف,0
1396,3,1,روز بزرگداشت ملاصدرا,0
1396,3,1,زادروز جلیل شهناز، از سرشناس‌ترین نوازندگان تار و سه تار سدهٔ اخیر در ایران,0
1396,3,1,درگذشت ویکتور هوگو شاعر و رمان‌نویس فرانسوی، خالق بینوایان,0
1396,3,2,درگذشت هنریک ایبسن شاعر، نمایش‌نامه‌نویس و درام‌نویس نروژی,0
1396,3,3,فتح خرمشهر در عملیات بیت المقدس و روز مقاومت، ایثار و پیروزی,0
1396,3,4,روز دزفول، روز مقاومت و پایداری,0
1396,3,4,زادروز ریموند کارور، نویسندهٔ داستان‌های کوتاه و شاعر آمریکایی,0
1396,3,5,درگذشت هوشنگ سیحون معمار، طراح، نقاش و مجسمه‌ساز ایرانی,0
1396,3,6,خرداد روز،جشن خردادگان,0
1396,3,6,پل گلدن گیت، که در زمان تکمیل، طولانی‌ترین پل معلق دنیا محسوب می‌شد، گشایش یافت.,0
1396,3,6,درگذشت ارنست روسکا فیزیکدان آلمانی، مخترع میکروسکوپ الکترونی، برندهٔ جایزه نوبل فیزیک سال ۱۹۸۶,0
1396,3,7,زادروز پاتریک وایت نویسنده اهل کشور استرالیا، برندهٔ جایزه نوبل ادبیات سال ۱۹۷۳,0
1396,3,7,درگذشت ایلیا پریگوژین شیمی فیزیکدان روسی، برندهٔ جایزه نوبل شیمی سال ۱۹۷۷,0
1396,3,8,زادروز پیتر هیگز فیزیک‌دان انگلیسی، برندهٔ جایزه نوبل فیزیک سال ۲۰۱۳,0
1396,3,8,درگذشت خوآن رامون خیمنس شاعر اسپانیایی، برندهٔ جایزه نوبل ادبیات سال ۱۹۵۶,0
1396,3,9,درگذشت فرانسوا-ماری آروئه با نام مستعار وُلتر، فیلسوف و نویسنده فرانسوی,0
1396,3,9,زادروز برایان کبیلکا شیمیدان آمریکایی، برنده جایزه نوبل شیمی سال ۲۰۱۲,0
1396,3,10,درگذشت یوزف هایدن، موسیقی‌دان و آهنگ‌ساز اتریشی,0
1396,3,10,درگذشت اواریست گالوا ریاضی‌دان فرانسوی، واضع نظریهٔ گروه در علم جبر,0
1396,3,11,درگذشت هلن کلر، نویسنده و معلم نابینا و ناشنوای آمریکایی,0
1396,3,11,درگذشت جان دیویی فیلسوف آمریکایی قرن بیستم، از پیشتازان عمل‌گرایی,0
1396,3,12,زادروز توماس هاردی، رمان‌نویس و شاعر انگلیسی,0
1396,3,12,زادروز مارکی دو ساد نویسنده و فیلسوف فرانسوی,0
1396,3,13,زادروز آلن گینزبرگ شاعر آمریکایی، خالق شعر زوزه، از پایه‌گذاران نسل بیت,0
1396,3,14,رحلت حضرت امام خمینی,1
1396,3,14,درگذشت ماری کوری کاشف پولونیم و رادیوم,0
1396,3,14,درگذشت جاکومو کازانووا نویسنده ایتالیایی,0
1396,3,15,قیام 15 خرداد,1
1396,3,15,روز جهانی محیط زیست,0
1396,3,15,درگذشت شیخ بهایی دانشمند عصر صفوی,0
1396,3,16,زادروز کارل فردیناند برون مخترع، فیزیکدان، برندهٔ جایزه نوبل فیزیک سال ۱۹۰۹,0
1396,3,16,درگذشت گرهارد هاوپتمان نمایشنامه‌نویس آلمانی، برندهٔ جایزه نوبل ادبیات ۱۹۱۲ میلادی,0
1396,3,17,زادروز فیلیپ لنارت فیزیکدان آلمانی مجاری‌تبار، برندهٔ جایزه نوبل فیزیک سال ۱۹۰۵,0
1396,3,17,زادروز اورهان پاموک رمان‌نویس اهل کشور ترکیه، برندهٔ جایزه ادبیات نوبل سال ۲۰۰۶,0
1396,3,18,زادروز فرانسیس کریک، بیوفیزیست انگلیسی، از کاشفان ساختار مولکول دی‌ان‌ای، برندهٔ جایزه نوبل فیزیولوژی و پزشکی سال ۱۹۶۲,0
1396,3,18,درگذشت ژرژ ساند رمان‌نویس، نمایشنامه‌نویس، روزنامه‌نگار، اصلاح‌طلب اجتماعی و خاطره‌نگار انگلیسی,0
1396,3,19,زادروز برتا سوتنر رمان‌نویس، فعال صلح‌طلب اهل اتریش، نخستین زن برندهٔ جایزه صلح نوبل,0
1396,3,19,درگذشت آدولف وینداوس شیمیدان، طبیعی شناس آلمانی، برندهٔ جایزهٔ نویل شیمی ۱۹۲۸,0
1396,3,20,روز جهانی صنایع دستی,0
1396,3,20,ولادت امام حسن مجتبی علیه السلام,0
1396,3,20,زادروز گوستاو کوربه نقاش فرانسوی، رهبر جنبش واقع‌گرایی در نقاشی,0
1396,3,21,زادروز ریشارد اشتراوس، موسیقی‌دان و رهبر ارکستر آلمانی,0
1396,3,21,درگذشت کلمنس ونتسل فون مترنیخ سیاستمدار اتریشی,0
1396,3,22,روز جهانی مبارزه با کار کودکان,0
1396,3,22,زادروز اگون شیله نقاش اتریشی,0
1396,3,23,شب قدر,0
1396,3,23,درگذشت ویلیام نولز شیمیدان آمریکایی، برنده جایزه نوبل شیمی ۲۰۰۱,0
1396,3,23,زادروز جان فوربز نش ریاضیدان آمریکایی، برنده جایزه نوبل اقتصاد سال۱۹۹۴,0
1396,3,24,ضربت خوردن حضرت علی علیه السلام,0
1396,3,24,روز جهانی اهدای خون,0
1396,3,25,روز ملی گل وگیاه,0
1396,3,25,درگذشت وندل مردیت استنلی بیوشیمیست و ویروس‌شناس آمریکایی، برنده جایزه نوبل شیمی سال ۱۹۴۷,0
1396,3,26,شهادت حضرت علی علیه السلام,1
1396,3,26,زادروز توران میرهادی استاد ادبیات کودک، نویسنده و کارشناس آموزش و پرورش و شخصیت برجسته فرهنگی,0
1396,3,26,زادروز باربارا مک‌کلینتوک دانشمند آمریکایی، برندهٔ جایزه نوبل پزشکی سال ۱۹۸۳,0
1396,3,27,روز جهاد کشاورزی,0
1396,3,27,روز جهانی بیابان زدایی,0
1396,3,27,شب قدر,0
1396,3,27,درگذشت جلیل شهناز، از سرشناس‌ترین نوازندگان تار و سه تار سدهٔ اخیر در ایران,0
1396,3,28,درگذشت پل کارر شیمیدان سوئیسی، برندهٔ جایزه نوبل شیمی سال ۱۹۳۷,0
1396,3,28,زادروز چارلز لاورن زیست‌شناس فرانسوی، برندهٔ جایزه نوبل فیزیولوژی و پزشکی در سال ۱۹۰۷,0
1396,3,29,درگذشت دکتر علی شریعتی,0
1396,3,29,زادروز آنگ سان سو چی فعال سیاسی، مدافع حقوق بشر، برنده جایزه صلح نوبل سال ۱۹۹۱,0
1396,3,29,درگذشت ویلیام گلدینگ شاعر و رمان‌نویس بریتانیایی، برندهٔ جایزه نوبل ادبیات در ۱۹۸۳,0
1396,3,30,درگذشت ژرژ لومتر کشیش و فیزیکدان بلژیکی,0
1396,3,31,شهادت دکتر مصطفی چمران,0
1396,4,1,جشن آب پاشونک، جشن آغاز تابستان,0
1396,4,1,روز اصناف,0
1396,4,1,درگذشت ابن سینا فیلسوف، پزشک و دانشمند نامدار ایرانی,0
1396,4,1,درگذشت غیاث‌الدین جمشید کاشانی ریاضیدان و اخترشناس ایرانی,0
1396,4,2,زادروز آلن تورینگ، ریاضی‌دان، منطق‌دان، و رمزنگار بریتانیایی، دانشمند علوم رایانه,0
1396,4,3,درگذشت ابن سینا پزشک و فیلسوف ایرانی,0
1396,4,3,زادروز فرد هویل ستاره‌شناس بریتانیایی,0
1396,4,4,زادروز آنتونیو گائودی کُرنت معمار کاتالان، از بزرگ‌ترین معماران دو قرن اخیر,0
1396,4,5,روز جهانی مبارزه با مواد مخدر,0
1396,4,5,عید سعید فطر,1
1396,4,5,درگذشت میرزا احمد آشتیانی فقیه، فیلسوف شیعی ایرانی,0
1396,4,5,زادروز لرد کلوین، فیزیکدان بریتانیایی,0
1396,4,6,تعطیل به مناسبت عید سعید فطر,1
1396,4,6,درگذشت سوفی ژرمن ریاضی‌دان، فیزیکدان و فیلسوف فرانسوی,0
1396,4,7,انفجار دفتر حزب جمهوری اسلامی و شهادت دکتر بهشتی و 72 نفر از اعضای حزب؛ روز قوه قضاییه,0
1396,4,7,زادروز ژان پی‌یر اوئل نقاش فرانسوی,0
1396,4,8,روز مبارزه با سلاح های شیمیایی و میکروبی,0
1396,4,8,زادروز آنتوان دو سنت‌اگزوپری نویسنده و خلبان فرانسوی، خالق شازده کوچولو,0
1396,4,8,درگذشت توماس هنری هاکسلی، زیست‌شناس انگلیسی,0
1396,4,9,درگذشت جان استرات، فیزیکدان انگلیسی، کاشف عنصر آرگون، برندهٔ جایزه نوبل فیزیک سال ۱۹۰۴,0
1396,4,10,روز صنعت و معدن,0
1396,4,10,ژان ویکتور پونسله ریاضی‌دان و بنیادگذار هندسه تحلیلی اهل فرانسوی,0
1396,4,10,درگذشت لویی فردینان سلین نویسنده فرانسوی,0
1396,4,11,درگذشت کیخسرو شاهرخ، بنیانگذار آرامگاه فردوسی و کتابخانه مجلس شورای ملی و مدیر عامل شرکت سهامی تلفن,0
1396,4,11,درگذشت داگلاس انگلبارت مخترع آمریکایی موشواره، از پیشگامان علوم رایانه و اینترنت,0
1396,4,12,شلیک به پرواز 655 ایران ایر توسط ناو وینسنس,0
1396,4,13,تیر روز،جشن تیرگان,0
1396,4,13,زادروز فرشید مثقالی مجسمه‌ساز، گرافیست و تصویرگر کتاب کودک، اولین و تنها ایرانی برنده جایزه هانس کریستیان آندرسن,0
1396,4,14,روز قلم,0
1396,4,14,درگذشت آلبرشت کوسل زیست‌شناس آلمانی، برندهٔ جایزه نوبل فیزیولوژی و پزشکی سال ۱۹۱۰,0
1396,4,15,جشن خام خواری,0
1396,4,15,درگذشت ویلیام فاکنر، رمان‌نویس آمریکایی و برندهٔ جایزه نوبل ادبیات.,0
1396,4,15,زادروز دالایی لامای چهاردهم، برنده جایزه صلح نوبل سال ۱۹۸۹,0
1396,4,16,زادروز کامیلو گولگی زیست‌شناس ایتالیایی، برنده جایزه نوبل فیزیولوژی و پزشکی سال ۱۹۰۶,0
1396,4,16,درگذشت یوهانا اشپیری نویسنده داستان‌های کودکان، خالق رمان هایدی,0
1396,4,17,درگذشت کارو لوکس، از پژوهشگران به‌نام سیستم‌های هوشمند در ایران، «پدر علم رباتیک ایران»,0
1396,4,17,زادروز پیوتر کاپیتسا فیزیک‌دان روسی مولداوی، برندهٔ جایزه نوبل فیزیک سال ۱۹۷۸,0
1396,4,18,درگذشت ژرژ باتای فیلسوف فرانسوی,0
1396,4,18,درگذشت آمادئو آووگادرو دانشمند ایتالیایی,0
1396,4,19,زادروز نیکولا تسلا مخترع و فیزیکدان آمریکایی,0
1396,4,19,درگذشت یوهان گوتفرید گاله ستاره‌شناس آلمانی,0
1396,4,20,زادروز تئودور میمن فیزیک‌دان آمریکایی و سازندهٔ اولین لیزر در جهان,0
1396,4,20,درگذشت جوزپه آرچیمبولدو نقاش ایتالیایی,0
1396,4,21,زادروز ملاله یوسف‌زی، فعال حقوق بشر و حقوق کودکان و عضو کمپین تحصیل دختران اهل پاکستان، برندهٔ جایزه صلح نوبل,0
1396,4,21,درگذشت مریم میرزاخانی، ریاضیدان ایرانی و اولین زن برنده مدال فیلدز,0
1396,4,22,زادروز عباس زریاب خویی، مترجم، تاریخ‌دان و کتاب‌شناس ایرانی,0
1396,4,22,درگذشت مهدی حمیدی شیرازی، ادیب، شاعر، مترجم و منتقد ایرانی,0
1396,4,23,زادروز گوستاو کلیمت نقاش نمادگرای اتریشی,0
1396,4,23,درگذشت خاسینتو بناونته نمایش‌نامه‌نویس اسپانیایی، برنده جایزه نوبل ادبیات سال ۱۹۲۲,0
1396,4,24,درگذشت آنتون چخوف، داستان‌نویس و نمایش‌نامه‌نویس برجستهٔ روس,0
1396,4,25,روز بهزیستی و تامین اجتماعی,0
1396,4,25,زادروز روئال آمونسن، کاشف نروژی قطب جنوب,0
1396,4,25,درگذشت هاینریش بل نویسنده آلمانی، برندهٔ جایزه نوبل ادبیات سال ۱۹۷۲,0
1396,4,26,درگذشت آنری پوانکاره ریاضیدان، فیزیکدان و فیلسوف علم فرانسوی,0
1396,4,27,اعلام پذیرش قطعنامه 598 شورای امنیت از سوی ایران,0
1396,4,27,زادروز هندریک لورنتز فیزیکدان هلندی، برندهٔ جایزه نوبل فیزیک سال ۱۹۰۲,0
1396,4,27,زادروز نلسون ماندلا از فعّالان برجستهٔ مخالف آپارتاید در آفریقای جنوبی، رئیس‌جمهور سابق این کشور و برندهٔ جایزهٔ صلح نوبل سال ۱۹۹۳,0
1396,4,28,زادروز ادگار دگا نقاش فرانسوی,0
1396,4,28,درگذشت فرانک مک‌کورت نویسندهٔ آمریکایی، برندهٔ جایزه پولیتزر,0
1396,4,29,شهادت امام جعفر صادق علیه السلام,1
1396,4,29,زادروز اریک آکسل کارلفلدت شاعر سوئدی، برندهٔ جایزه نوبل ادبیات پس از مرگش در سال ۱۹۳۱,0
1396,4,29,درگذشت گولیلمو مارکونی مهندس برق اهل ایتالیا، برندهٔ جایزه نوبل فیزیک سال ۱۹۰۹,0
1396,4,30,زادروز مارشال مک‌لوهان فیلسوف کانادایی، طراح مفهوم «دهکدهٔ جهانی»,0
1396,4,30,زادروز ارنست همینگوی نویسندهٔ آمریکایی، برندهٔ جایزه نوبل ادبیات سال ۱۹۵۴، خالق کتاب پیرمرد و دریا,0
1396,4,31,زادروز گوستاو هرتز فیزیکدان آلمانی، برنده جایزه فیزیک نوبل سال ۱۹۲۵,0
1396,4,31,درگذشت کارل سندبرگ شاعر، نویسنده و ویراستار آمریکایی، برنده سه جایزه پولیتزر,0
1396,5,1,درگذشت دیوید وارک گریفیث، از پیشتازان سینما در آمریکا,0
1396,5,1,درگذشت ویلیام رمزی شیمیدان اسکاتلندی، کاشف گازهای نئون، آرگون، زنون، هلیوم و کریپتون، برنده جایزه نوبل شیمی سال ۱۹۰۴,0
1396,5,2,زادروز هنریک پونتوپیدان نویسنده دانمارکی، برنده جایزه نوبل ادبیات سال ۱۹۱۷,0
1396,5,2,درگذشت ایزاک بشویس سینگر داستان‌نویس آمریکایی، برندهٔ جایزه نوبل ادبیات سال ۱۹۷۸,0
1396,5,3,ولادت حضرت معصومه سلام الله علیها و روز دختران,0
1396,5,3,زادروز الیاس کانتی رمان‌نویس سوئیسی، برنده جایزه نوبل ادبیات ۱۹۸۱,0
1396,5,4,افتتاح بزرگترین پالایشگاه نفت سنگین جهان در بندرعباس,0
1396,5,4,زادروز جرج برنارد شاو، نمایشنامه‌نویس و منتقد بریتانیایی ایرلندی تبار,0
1396,5,4,درگذشت گوتلوب فرگه ریاضیدان، منطقدان و فیلسوف آلمانی,0
1396,5,5,زادروز یوهان برنولی ریاضیدان اهل سوییس,0
1396,5,6,روز ترویج آموزش های فنی و حرفه ای,0
1396,5,7,مرداد روز،جشن مردادگان,0
1396,5,7,درگذشت ونسان ون گوگ نقاش هلندی,0
1396,5,8,روز بزرگداشت شیخ شهاب الدین سهروردی,0
1396,5,9,سالروز اهدای خون در ایران,0
1396,5,10,جشن چله تابستان,0
1396,5,10,آغاز هفته جهانی شیردهی,0
1396,5,10,زادروز ژان باتیست لامارک زیست‌شناس فرانسوی,0
1396,5,11,درگذشت الکساندر گراهام بل دانشمند بریتانیایی، مخترع تلفن,0
1396,5,11,درگذشت ریموند کِلِوی کاروِر جونیور نویسندهٔ داستان‌های کوتاه و شاعر آمریکایی,0
1396,5,12,درگذشت ریچارد ویلشتتر شیمیدان آلمانی، برندهٔ جایزه نوبل شیمی سال ۱۹۱۵,0
1396,5,12,درگذشت آلکساندر سولژنیتسین نویسندهٔ روس، برندهٔ جایزه ادبیات نوبل سال ۱۹۷۰ میلادی,0
1396,5,13,ولادت امام  رضا علیه السلام,0
1396,5,14,صدور فرمان مشروطیت,0
1396,5,14,برگزاری اولین کنکور در ایران,0
1396,5,14,زادروز نیل آرمسترانگ، فضانورد آمریکایی و نخستین انسانی که بر کره ماه گام نهاد,0
1396,5,15,زادروز الکساندر فلمینگ دانشمند انگلیسی، کاشف پنی‌سیلین، برندهٔ جایزه نوبل فیزیولوژی و پزشکی سال ۱۹۴۵,0
1396,5,15,درگذشت تئودور آدورنو جامعه‌شناس، فیلسوف، موسیقی‌شناس و آهنگ‌ساز نئومارکسیست آلمانی,0
1396,5,16,زادروز الینور اوستروم دانشمند آمریکایی، برندهٔ جایزه نوبل اقتصاد سال ۲۰۰۹,0
1396,5,17,روز خبرنگار,0
1396,5,17,درگذشت نویل فرانسیس مات فیزیکدان انگلیسی، برندهٔ جایزه نوبل فیزیک سال ۱۹۷۷,0
1396,5,18,زادروز ژان پیاژه روان‌شناس، زیست‌شناس و شناخت‌شناس فرانسوی زبان,0
1396,5,18,درگذشت هرمان هسه نویسنده و نقاش آلمانی، برندهٔ جایزه نوبل ادبیات سال ۱۹۴۶,0
1396,5,19,درگذشت میشل هایدن آهنگساز موسیقی اهل اتریش,0
1396,5,20,زادروز استیو وزنیاک مهندس کامپیوتر، مخترع و دانشمند آمریکایی، و از بنیان‌گذاران کمپانی اپل,0
1396,5,20,درگذشت مکس تیلر ویروس‌شناس آفریقای جنوبی آمریکایی، برندهٔ جایزه نوبل فیزیولوژی و پزشکی سال ۱۹۵۱,0
1396,5,21,درگذشت توماس مان نویسندهٔ آلمانی، برندهٔ جایزه نوبل ادبیات سال ۱۹۲۹,0
1396,5,21,زادروز خاسینتو بناونته نمایش‌نامه‌نویس اسپانیایی، برندهٔ جایزه نوبل ادبیات سال ۱۹۲۲,0
1396,5,22,روز جهانی چپ دست ها,0
1396,5,22,زادروز فیدل کاسترو، رئیس‌جمهور سابق کوبا,0
1396,5,23,زادروز جان گالزورثی نویسنده و نمایشنامه نویس انگلیسی، برندهٔ جایزه نوبل ادبیات سال ۱۹۳۲,0
1396,5,23,درگذشت پل ساباتیه شیمیدان فرانسوی، برندهٔ جایزه نوبل شیمی سال ۱۹۱۲,0
1396,5,24,زادروز ناپلئون بناپارت، امپراتور فرانسه,0
1396,5,24,زادروز لویی دوبروی فیزیک‌دان فرانسوی، برندهٔ جایزه نوبل فیزیک سال ۱۹۲۹,0
1396,5,25,درگذشت ایروینگ لانگمویر شیمی‌دان و فیزیک‌دان آمریکایی، برنده جایزه نوبل شیمی سال ۱۹۳۲,0
1396,5,26,سالروز ورود آزادگانِ سرافراز به وطن,0
1396,5,26,زادروز هرتا مولر نویسنده، شاعر و مقاله‌نویس رومانیایی‌تبار آلمانی، برندهٔ جایزه نوبل ادبیات سال ۲۰۰۹,0
1396,5,26,زادروز وی. اس. نایپل رمان‌نویس و مقاله‌نویس هندو ترینیدادی‌تبار بریتانیایی، برندهٔ جایزه نوبل ادبیات سال ۲۰۰۱,0
1396,5,28,سالروز وقایع 28 مرداد و برکناری دکتر محمد مصدق,0
1396,5,28,سالروز فاجعه آتش زدن سینما رکس آبادان,0
1396,5,28,روز جهانی عکاسی,0
1396,5,28,درگذشت لینوس پاولینگ دانشمند آمریکایی، برندهٔ جایزه نوبل شیمی سال ۱۹۵۴ و جایزه نوبل صلح سال۱۹۶۲,0
1396,5,29,آغاز به کار نخسین جشنواره فیلم کن در شهر کن فرانسه با رقابت ۱۱ فیلم برای کسب نخل طلایی,0
1396,5,29,درگذشت آدولف فون بایر شیمی‌دان آلمانی، برندهٔ جایزه نوبل شیمی سال ۱۹۰۵,0
1396,5,29,درگذشت پل الریخ، زیست‌شناس آلمانی، برندهٔ جایزه نوبل فیزیولوژی و پزشکی در سال ۱۹۰۸,0
1396,5,30,روز پزشک,0
1396,5,30,زادروز ابن سینا پزشک و شاعر و از مشهورترین و تاثیرگذارترینِ فیلسوفان و دانشمندان ایران‌زمین,0
1396,5,31,درگذشت روژه مارتن دوگار نویسندهٔ فرانسوی، برندهٔ جایزه نوبل ادبیات سال ۱۹۳۷,0
1396,6,1,روز بزرگداشت ابوعلی سینا و روز پزشک,0
1396,6,1,درگذشت جان کندرو بیوشیمیست انگلیسی، برندهٔ جایزه نوبل شیمی سال ۱۹۶۲,0
1396,6,2,آغاز هفته دولت,0
1396,6,2,زادروز پائولو کوئلیو نویسنده برزیلی,0
1396,6,2,زادروز ژان اگوست دومینیک انگر، نقاش نئوکلاسیک فرانسوی,0
1396,6,4,زادروز داراب (کوروش),0
1396,6,4,شهریور روز،جشن شهریورگان,0
1396,6,4,روز کارمند,0
1396,6,4,زادروز آنتوان لاووازیه، شیمیدان فرانسوی و بنیان‌گذار علم شیمی مدرن,0
1396,6,5,روز بزرگداشت محمدبن زکریای رازی و روز داروساز,0
1396,6,5,درگذشت چزاره پاوزه رمان نویس، شاعر، مترجم و منتقد ادبی اهل ایتالیا,0
1396,6,5,درگذشت چزاره پاوزه رمان نویس، شاعر، مترجم و منتقد ادبی اهل ایتالیا,0
1396,6,5,درگذشت لوکوربوزیه معمار، طراح، شهرساز، نویسنده و نقاش سوئیسی,0
1396,6,5,درگذشت لوکوربوزیه معمار، طراح، شهرساز، نویسنده و نقاش سوئیسی,0
1396,6,6,زادروز یوهان ولفگانگ گوته شاعر، رمان‌نویس، سیاستمدار و فیلسوف آلمانی,0
1396,6,6,درگذشت ملوین شوارتز فیزیک‌دان آمریکایی، برندهٔ جایزه نوبل فیزیک سال۱۹۸۸,0
1396,6,7,شهادت امام محمد باقر علیه السلام,0
1396,6,8,انفجار در دفتر نخست‌وزیری جمهوری اسلامی ایران، روز مبارزه با تروریسم,0
1396,6,8,تولد ارنست رادفورد، فیزیکدان انگلیسی و پدر انرژی هسته ای,0
1396,6,8,درگذشت علامه حلی از علمای شیعه قرن هشتم قمری,0
1396,6,9,روز عرفه,0
1396,6,9,درگذشت ویلهلم وونت پزشک، روان‌شناس وفیزیولوژیست آلمانی، از پایه‌گذاران علم روان‌شناسی تجربی,0
1396,6,10,عید سعید قربان,1
1396,6,10,امضای معاهده تقسیم ایران بین روسیه و انگلیس,0
1396,6,11,روزصنعت چاپ,0
1396,6,11,وقوع زلزله بویین زهرا و مرگ بیش از 25 هزار نفر,0
1396,6,11,وقوع آتش سوزی بزرگ لندن,0
1396,6,11,درگذشت محمود حسابی فیزیکدان، سناتور، وزیر آموزش و پرورش و بنیانگذار دانشگاهی در ایران,0
1396,6,13,روز بزرگداشت ابوریحان بیرونی,0
1396,6,13,روز تعاون,0
1396,6,13,زادروز ویلیام باتلر ییتس نویسنده و شاعر ایرلندی و برنده جایزه ادبیات نوبل,0
1396,6,14,زادروز ابوریحان بیرونی دانشمند بزرگ، ریاضی‌دان، ستاره‌شناس، تقویم‌شناس، انسان‌شناس، هندشناس و تاریخ‌نگار بزرگ ایرانی,0
1396,6,14,درگذشت رودولف فیرخو پزشک، مردم‌شناس، آسیب‌شناس، تاریخدان پیشاتاریخ، زیست‌شناس و سیاستمدار آلمانی، از بنیانگذاران پزشکی اجتماعی,0
1396,6,15,ولادت امام علی النقی الهادی علیه السلام,0
1396,6,15,زادروز ادوارد ویکتور اپلتون فیزیک‌دان انگلیسی، برنده جایزه نوبل فیزیک سال ۱۹۴۷,0
1396,6,15,درگذشت سولی پرودوم شاعر فرانسوی، نخستین برندهٔ جایزه ادبیات نوبل در سال ۱۹۰۱,0
1396,6,16,درگذشت ادوین مک‌میلان فیزیکدان آمریکایی، برندهٔ جایزه نوبل شیمی ۱۹۵۱,0
1396,6,17,قیام 17 شهریور,0
1396,6,17,زادروز فردریک میسترال نویسندهٔ فرانسوی، برندهٔ جایزه نوبل ادبیات سال۱۹۰۴,0
1396,6,17,درگذشت جلال آل احمد روشنفکر دینی، نویسنده و مترجم ایرانی و همسر سیمین دانشور,0
1396,6,18,عید سعید غدیر خم,1
1396,6,18,درگذشت علینقی وزیری، موسیقی‌دان و آهنگ‌ساز ایرانی,0
1396,6,18,درگذشت ژاک لاکان پزشک، فیلسوف و روانکاو برجستهٔ فرانسوی,0
1396,6,19,درگذشت آیت الله سید محمود طالقانی,0
1396,6,19,روز جهانی پیشگیری از خودکشی,0
1396,6,19,درگذشت مری ولستون‌کرافت نویسندهٔ انگلیسی,0
1396,6,20,حمله به برج‌های دوقلوی مرکز تجارت جهانی,0
1396,6,20,ولادت امام موسی کاظم علیه السلام,0
1396,6,20,درگذشت محمدعلی جناح بنیانگذار کشور پاکستان,0
1396,6,21,روز سینما,0
1396,6,21,درگذشت جانی کش خواننده، ترانه‌سرا، بازیگر و موسیقی‌دان آمریکایی,0
1396,6,21,درگذشت نورمن بورلاگ دانشمند آمریکایی، برندهٔ جایزه نوبل صلح سال ۱۹۷۰,0
1396,6,22,روز گرامیداشت برنامه نویسان,0
1396,6,22,کشته شدن شیخ محمد خیابانی از فعالان سیاسی در دوره انقلاب مشروطه ایران,0
1396,6,23,سفر انوشه انصاری به‌عنوان اولین زن گردشگر فضایی به دور مدار زمین,0
1396,6,23,درگذشت هانیبال الخاص، نقاش و مجسمه ساز ایرانی,0
1396,6,23,انتخاب تئودور روزولت از حزب جمهوری‌خواه به عنوان بیست و ششمین رئیس جمهور ایالات متحده در پی ترور ویلیام مک کینلی,0
1396,6,23,زادروز ایوان پاولف روان‌شناس روس,0
1396,6,24,اعدام صادق قطب‌زاده، وزیر سابق امور خارجه جمهوری اسلامی ایران,0
1396,6,24,ثبت دامنه اینترنتی جست‌وجوگر گوگل (google.com) پربازدیدترین وب سایت جهان,0
1396,6,24,زادروز مارکو پولو، جهانگرد ایتالیایی,0
1396,6,24,درگذشت عبدالحسین زرین‌کوب خوانساری، ادیب، تاریخ‌نگار و منتقد ادبی برجسته ایران,0
1396,6,24,درگذشت اوریانا فالاچی، روزنامه‌نگار و نویسندهٔ ایتالیایی,0
1396,6,24,زادروز موری گل مان فیزیکدان آمریکایی، برندهٔ جایزه نوبل فیزیک سال ۱۹۶۹,0
1396,6,25,زمین لرزه طبس به قدرت 7,0
1396,6,25,درگذشت ژان پیاژه روان‌شناس، زیست‌شناس و شناخت‌شناس سوئیسی,0
1396,6,25,برگزاری انتخابات دوره نخست مجلس شورای ملی,0
1396,6,25,درگذشت رونالد راس زیست‌شناس انگلیسی، برندهٔ جایزه نوبل فیزیولوژی و پزشکی سال ۱۹۰۲ به خاطر مبارزه علیه بیماری مالاریا,0
1396,6,26,لغو عهدنامه ۱۹۷۵ الجزایر توسط صدام حسین,0
1396,6,26,زادروز برنهارت ریمان ریاضی‌دان آلمانی,0
1396,6,26,درگذشت کارل پوپر فیلسوف ونویسندهٔ انگلیسی,0
1396,6,26,سالروز ترور میکونوس در شهر برلین,0
1396,6,27,روز شعر و ادب پارسی و  روز بزرگداشت استاد شهریار,0
1396,6,27,سالروز تأسیس روزنامه نیویورک تایمز,0
1396,6,27,درگذشت سید محمدحسین شهریار شاعر نامدار ایرانی,0
1396,6,28,درگذشت ایتالو کالوینو نویسنده، خبرنگار و مقاله‌نویس ایتالیایی,0
1396,6,28,زادروز ویلیام گلدینگ شاعر و رمان‌نویس بریتانیایی، برندهٔ جایزه نوبل ادبیات در ۱۹۸۳,0
1396,6,29,محاصره اورشلیم یا بیت‌المُقَّدَس توسط صلاح‌الدین ایوبی بنیان‌گذار دودمان ایوبیان,0
1396,6,29,تأسیس مجمع ملی فرانسه در هنگامه‌ی انقلاب فرانسه که نقش مجلس مؤسسان قانون اساسی و قانون‌گذاری را به عهده داشت.,0
1396,6,30,روز گفتگوی تمدنها,0
1396,6,30,روز جهانی صلح,0
1396,6,30,درگذشت آرتور شوپنهاور فیلسوف آلمانی,0
1396,6,30,استقلال جمهوری ارمنستان از اتحاد جماهیر شوروی,0
1396,6,30,زادروز فریدون مشیری  شاعر ایرانی,0
1396,6,30,زادروز لئونارد کوهن شاعر، رمان‌نویس، خواننده و ترانه‌سرای کانادایی,0
1396,6,30,درگذشت ویرژیل شاعر روم باستان و خالق منظومه حماسی و ملی انه‌اید,0
1396,6,30,درگذشت پرویز مشکاتیان موسیقی‌دان و نوازنده ایرانی,0
1396,6,30,زادروز هایک کامرلینگ اونس فیزیکدان هلندی، برندهٔ جایزه نوبل فیزیک سال ۱۹۱۳,0
1396,6,31,آغاز هفته دفاع مقدس,0
1396,6,31,اعلام موجودیت جمهوری اول فرانسه,0
1396,6,31,صدور اعلامیه آزادی بردگان در ایالات متحده آمریکا,0
1396,6,31,زادروز مایکل فارادی فیزیکدان و شیمیدان انگلیسی,0
1396,6,31,زادروز پرویز یاحقی، نوازنده‌‌ی چیره‌دست ویلون؛ موسیقیدان و آهنگساز ایرانی,0
1396,6,31,زادروز آندریا بوچلی خواننده‌ی ایتالیایی,0
1396,7,1,زادروز قوبلای خان پنجمین خانِ بزرگ امپراتوری مغول,0
1396,7,1,زادروز محمدرضا شجریان خواننده، موسیقی‌دان و خوشنویس ایرانی,0
1396,7,1,زادروز حسین منزوی شاعر ایرانی,0
1396,7,1,نپتون هشتمین سیاره سامانه خورشیدی، برای نخستین بار توسط «یوهان گوتفرید گاله» رصد شد، وجود این سیاره پیشتر توسط دو دانشمند، با محاسبات ریاضی اثبات شده بود.,0
1396,7,1,درگذشت زیگموند فروید عصب‌شناس اتریشی و پایه‌گذار مکتب روان‌کاوی,0
1396,7,1,آغاز حمله مغول به ایران در پاییز 598 خورشیدی,0
1396,7,2,هوندا شرکت بزرگ ژاپنی تولیدکنندهٔ موتورسیکلت و بعدها خودرو، در این روز رسماً آغاز به کار کرد.,0
1396,7,2,نیوکمپ، بزرگترین ورزشگاه اروپا و ورزشگاه اختصاصی باشگاه بارسلونای اسپانیا در این روز افتتاح شد.,0
1396,7,2,درگذشت میرزا تورسون‌زاده قهرمان ملی ،شاعر و سیاستمدار برجسته‌ی اهل تاجیکستان,0
1396,7,3,زادروز پدرو آلمودوار کارگردان، فیلم‌نامه‌نویس و تهیه‌کننده‌ی اسپانیایی,0
1396,7,3,زادروز ویلیام فاکنر نویسندهٔ آمریکایی، برندهٔ جایزه نوبل ادبیات سال ۱۹۴۹، صاحب آثاری چون خشم و هیاهو، روشنایی ماه اوت و آبشالوم، آبشالوم!,0
1396,7,3,انحلال حزب رستاخیز,0
1396,7,3,درگذشت اریش ماریا رمارک نویسندهٔ آلمانی، خالق رمان در جبهه غرب خبری نیست,0
1396,7,4,ارائه نظریه نسبیت خاص توسط آلبرت انیشتین,0
1396,7,4,زادروز ایوان پاولف عصب‌شناس، فیزیولوژیست، روان‌شناس و پزشک روس، برندهٔ جایزه نوبل فیزیولوژی و پزشکی سال ۱۹۰۴,0
1396,7,4,زادروز تی. اس. الیوت شاعر، نمایشنامه‌نویس و منتقد آمریکایی,0
1396,7,4,زادروز مارتین هایدگر فیلسوف آلمانی,0
1396,7,4,نخستین پرواز هواپیمای پهن پیکر بوئینگ ۷۶۷,0
1396,7,4,تأسیس باشگاه فوتبال استقلال (تاج),0
1396,7,5,روز جهانی جهانگردی,0
1396,7,5,فرمول «هم‌ارزی جرم و انرژی» (E=mc۲) یکی از مشهورترین معادله‌ها در علم فیزیک، توسط آلبرت اینشتین انتشار یافت.,0
1396,7,5,در جریان جنگ جهانی دوم و حمله نیروهای آلمان نازی به ورشو پایتخت لهستان، این شهر پس از ۱۹ روز مقاومت، تسلیم نیروهای آلمان شد.,0
1396,7,5,طالبان با تصرف کابل پایتخت افغانستان، ایجاد یک «دولت اسلامی» در آن کشور را اعلام کردند و نجیب‌الله رئیس دولت کمونیستی سابق افغانستان، توسط آنان به دار آویخته شد.,0
1396,7,6,اعدام سید مهدی هاشمی به جرم توطئه علیه نظام و بانی فاش ساختن رسوایی ایران-کنترا,0
1396,7,6,تصویب قانون اساسی جمهوری پنجم فرانسه، نظام کنونی این کشور، با نظر مثبت بیش از ۸۲ درصد رای‌دهندگان,0
1396,7,6,درگذشت جمال عبدالناصر رئیس‌جمهور مصر از ۱۹۵۶ تا هنگام مرگ,0
1396,7,6,درگذشت ادوین هابل دانشمند اخترشناس آمریکایی,0
1396,7,6,زادروز کنفوسیوس مشهورترین آموزگار، فیلسوف کشور چین,0
1396,7,6,درگذشت لویی پاستور شیمی‌دان و زیست‌شناس مشهورفرانسوی,0
1396,7,7,روز آتش نشانی و ایمنی,0
1396,7,7,سقوط هواپیمای حامل جمعی از فرماندهان جنگ (کلاهدوز، نامجو، فلاحی، فکوری، جهان آرا) در سال 1360,0
1396,7,7,تأسیس اسکاتلندیارد، به عنوان مرکز پلیس لندن,0
1396,7,7,زادروز میگل دِ سِروانتِس رمان‌نویس، نمایشنامه‌نویس و شاعر مشهور اسپانیایی و خالق یکی از بزرگترین شاهکارهای ادبی جهان «دون کیشوت»,0
1396,7,7,درگذشت رودلف دیزل مخترع و مهندس مکانیک آلمانی، مخترع موتور دیزل,0
1396,7,7,درگذشت امیل زولا نویسندهٔ فرانسوی,0
1396,7,7,زادروز انریکو فرمی فیزیکدان آمریکایی، برندهٔ جایزه نوبل فیزیک سال ۱۹۳۸,0
1396,7,8,روزبزرگداشت مولوی,0
1396,7,8,روز جهانی ناشنوایان,0
1396,7,8,تاسوعای حسینی,1
1396,7,8,روز جهانی ترجمه و مترجم,0
1396,7,8,درگذشت جیمز دین بازیگر آمریکایی,0
1396,7,8,سالروز «قتل عام بابی یار» و کشتار ۳۳٬۷۷۱ یهودی به‌دست یک واحد ویژهٔ «اس اس» آلمان نازی در دره ای به نام «بابی یار» در حد فاصل شمالی شهر کی‌اف در اوکراین,0
1396,7,8,زادروز ژان باپتیست پرَن فیزیکدان فرانسوی، برندهٔ جایزه نوبل سال ۱۹۲۶,0
1396,7,8,درگذشت چارلز فرانسیس ریشتر زلزله شناس آمریکایی,0
1396,7,9,عاشورای حسینی,1
1396,7,9,روز جهانی سالمندان,0
1396,7,9,پیروزی اسکندر مقدونی در نبرد گوگمل و شکست شاه ایران، داریوش سوم و انقراض امپراطوری بزرگ هخامنشی,0
1396,7,9,انتخاب فرانسیسکو فرانکو به سمت رهبری رژیم ناسیونالیست اسپانیا و آغاز جنگ داخلی اسپانیا,0
1396,7,9,تأسیس جمهوری خلق چین توسط مائو تسه‌تونگ,0
1396,7,9,اعدام خسرو قشقایی به اتهام مبارزه مسلحانه علیه جمهوری اسلامی در فیروزآباد فارس,0
1396,7,9,اعلام حکم دادگاه نورنبرگ پس از خاتمه جنگ جهانی دوم و محکوم کردن ۱۲ افسر آلمان نازی به جرم جنایت علیه بشریت، به مرگ,0
1396,7,9,قتل عبدالحسین تیمورتاش، دولت‌مرد ایرانی در دوره‌های قاجار و پهلوی، در زندان قصر تهران,0
1396,7,10,مهر روز،جشن مهرگان,0
1396,7,10,تأسیس حزب توده ایران,0
1396,7,10,زادروز ماهاتما گاندی، رهبر جنبش استقلال هند از استعمار امپراطوری بریتانیا,0
1396,7,10,زادروز ویلیام رمزی شیمیدان اسکاتلندی، برندهٔ جایزه نوبل شیمی سال ۱۹۰۴، کاشف گازهای نئون، آرگون، زنون، هلیوم و کریپتون,0
1396,7,10,درگذشت سوانت آرنیوس شیمیدان سوئدی، برندهٔ جایزه نوبل شیمی ۱۹۰۳,0
1396,7,11,شهادت  امام زین العابدین علیه السلام,0
1396,7,11,آغاز به کار نخستین فرستنده تلویزیون ایران,0
1396,7,11,بازگشت چارلز داروین، پس از ۵ سال دریانوردی با کشتی بیگل به بریتانیا و پایه گذاری نظریه فرگشت,0
1396,7,11,در طی نشست لوکا، سه تن از سرداران روم به نام‌های ژول سزار، پومپه و کراسوس، تصمیم به حمله به امپراتوری ایران را گرفتند. در این جنگ که به جنگ حران معروف است، کراسوس توسط سردار ایرانی، سورنا کشته شد.,0
1396,7,12,گشایش ساختمان تازه آرامگاه فردوسی شاعر بلندآوازه‌ی ایران,0
1396,7,12,قرارگرفتن اسپوتنیک ۱،  اولین ماهواره ساخت انسان، توسط اتحاد جماهیر شوروی در مدار زمین,0
1396,7,12,درگذشت ماکس پلانک فیزیک‌دان آلمانی و پدر نظریهٔ کوانتوم، برندهٔ جایزه نوبل فیزیک ۱۹۱۸,0
1396,7,12,درگذشت نورمن ویزدوم هنرپیشه و کمدین معروف انگلیسی,0
1396,7,13,روز نیروی انتظامی,0
1396,7,13,روز جهانی معلم,0
1396,7,13,آغاز جمهوری پنجم فرانسه و جایگزینی نظام پارلمانیِ جمهوری چهارم با به نظام ریاستی,0
1396,7,13,درگذشت استیو جابز بنیانگذار و رئیس پیشین شرکت اپل,0
1396,7,13,استعفای «اسلوبودان میلوشویچ» رئیس جمهور وقت صربستان در جریان انقلاب پنجم اکتبر,0
1396,7,13,زادروز واتسلاو هاول نویسنده و اولین رئیس جمهور جمهوری چک,0
1396,7,13,درگذشت فریدون فروغی آهنگ‌ساز، نوازنده و خوانندهٔ ایرانی,0
1396,7,14,روز دامپزشکی,0
1396,7,14,ترور محمد انور سادات، سومین رئیس جمهور مصر و برندهٔ جایزه صلح نوبل، توسط سازمان اسلام‌گرای جهاد اسلامی مصر,0
1396,7,14,آغاز جنگ یوم کیپور و حمله ارتش‌های مصر و سوریه از دو جبهه به اسرائیل,0
1396,7,14,تأسیس انجمن جهانی قلم در لندن,0
1396,7,14,افتتاح کاباره پرآوازه‌ی «مولن‌روژ» در پاریس,0
1396,7,15,زادروز ولادیمیر پوتین دومین رئیس جمهور کشور روسیه بعد از فروپاشی اتحاد جماهیر شوروی,0
1396,7,15,زادروز هاینریش هیملر فرمانده اِس اِس و از مردان مقتدر آلمان نازی و مسئول اصلی هولوکاست,0
1396,7,15,حمله‌ی ارتش ایالات متحده آمریکا به افغانستان با هدف براندازی حکومت طالبان و دستگیری اعضای القاعده,0
1396,7,16,روز ملی کودک,0
1396,7,16,آتش‌سوزی بزرگ شهر شیکاگو و سوختن ۱۷٬۴۵۰ خانه با ۲۵۰ تن کشته و ۹۰٬۰۰۰ نفر بی‌خانمان,0
1396,7,16,اعلان جنگ کشور مونته نگرو به امپراتوری عثمانی و آغاز جنگ اول بالکان,0
1396,7,16,زادروز اتو واربورگ زیست‌شناس آلمانی، برندهٔ جایزه نوبل پزشکی سال ۱۹۳۱ به خاطر کشف مکانیزم آنزیم,0
1396,7,17,روز جهانی پست,0
1396,7,17,اعدام ارنستو چه‌گوارا توسط سربازان ارتش بولیوی به جرم تحریک برای برپایی یک انقلاب در بولیوی,0
1396,7,17,اعطای جایزه نوبل صلح به آندره ساخاروف دانشمند شوروی و معروف به «پدر بمب هیدروژنی»,0
1396,7,17,نخستین انتخابات ریاست جمهوری مردم افغانستان پس از سقوط حکومت طالبان,0
1396,7,17,زادروز جان لنون خواننده، آهنگساز و فعال صلح‌طلب عضو گروه معروف بیتلز,0
1396,7,17,زادروز هرمان امیل فیشر شیمیدان آلمانی، برندهٔ جایزه نوبل شیمی سال ۱۹۰۲,0
1396,7,17,زادروز ماکس فون لائو فیزیک‌دان آلمانی، برندهٔ جایزه فیزیک نوبل برای کشف پراش در پرتوهای ایکس در بلورها,0
1396,7,18,روز جهانی مبارزه با حکم اعدام,0
1396,7,18,استقلال کشور فیجی از انگلستان,0
1396,7,18,درگذشت اورسن ولز کارگردان، فیلم‌نامه‌نویس، هنرپیشه و تهیه‌کننده آمریکایی,0
1396,7,18,کشف تریتون، بزرگترین ماه طبیعی نپتون توسط ویلیام لاسل,0
1396,7,19,روز جهانی دختر,0
1396,7,19,نخستین مأموریت همراه با آدم برنامه آپولو ناسا  از پایگاه پرتاب ۳۴ در دماغه کاناورال ایالت فلوریدا در ایالات متحده آمریکا,0
1396,7,19,گشایش دانشگاه سیدنی، قدیمی‌ترین دانشگاه استرالیا,0
1396,7,19,زادروز آمیتاب باچان بازیگر، تهیه کننده، خواننده و مجری تلویزیونی هندی,0
1396,7,19,درگذشت جیمز ژول فیزیکدان انگلیسی,0
1396,7,20,روز بزرگداشت حافظ,0
1396,7,20,درگذشت دنیس ریچی  نویسنده زبان برنامه‌نویسی C و سیستم عامل UNIX,0
1396,7,20,زادروز لوچیانو پاواروتی خوانندهٔ اپرا اهل ایتالیا,0
1396,7,20,افتتاحیه بازی‌های المپیک تابستانی ۱۹۶۸ مکزیکوسیتی,0
1396,7,21,جشن پیروزی کاوه و فریدون,0
1396,7,21,شروع ساخت کاخ سفید، محل کار و زندگی دائمی رئیس جمهور ایالات متحده آمریکا در واشنگتن دی‌سی,0
1396,7,21,زادروز مارگارت تاچر نخست وزیر پادشاهی متحده بریتانیا و ایرلند شمالی بین سال‌های ۱۹۷۹ تا ۱۹۹۰ میلادی,0
1396,7,21,تأسیس تووا یکی از جمهوری‌های خودمختار روسیه در جنوب سیبری,0
1396,7,22,روز جهانی استاندارد,0
1396,7,22,شکستن دیوار صوتی توسط یک خلبان آمریکایی برای نخستین بار با سرعتی بیشتر از سرعت صوت,0
1396,7,22,درگذشت اروین رومل فرماندهٔ نیروهای آلمانی، ملقب به «روباه صحرا»,0
1396,7,22,ورود رسمی بلغارستان به جنگ جهانی اول به طرفداری از آلمان و اتریش,0
1396,7,23,روز جهانی عصای سفید,0
1396,7,23,پرتاب نخستین فضاپیمای سرنشین دار چین به فضا بنام «شنزو ۵»,0
1396,7,23,زادروز فریدریش نیچه دانش‌پژوه و فیلسوف آلمانی,0
1396,7,23,درگذشت آندرئاس وزالیوس پزشک برجستهٔ بلژیکی,0
1396,7,23,زادروز خاچاطور آبوویان نویسنده، شاعر و نقاش ارمنستانی و پدر ادبیات مدرن ارمنی,0
1396,7,24,روز جهانی غذا,0
1396,7,24,چین نخستین بمب اتمی خود را آزمایش کرد و به پنجمین قدرت اتمی دنیا تبدیل شد.,0
1396,7,24,زادروز یوجین اونیل نمایشنامه‌نویس برجستهٔ آمریکایی، برندهٔ جایزهٔ ادبی نوبل سال ۱۹۳۶,0
1396,7,24,درگذشت جورج مارشال ، برندهٔ جایزه صلح نوبل سال ۱۹۵۳ به خاطر ارائه طرح مارشال,0
1396,7,25,روز جهانی ریشه کنی فقر,0
1396,7,25,حضور گروه موسیقی بیتلز برای نخستین بار در یک برنامه زنده تلویزیونی در شبکه «گِرِنادا» در شهر منچستر انگلستان,0
1396,7,25,درگذشت گوستاو کیرشهف فیزیکدان آلمانی,0
1396,7,25,شروع بکار وبگاه بانک اطلاعات اینترنتی فیلم‌ها (IMDB),0
1396,7,26,روز تربیت بدنی و ورزش,0
1396,7,26,درگذشت توماس ادیسون,0
1396,7,26,پرتاب فضاپیمای گالیله به فضا,0
1396,7,26,زادروز ابراهیم گلستان کارگردان، نخستین برندهٔ یک جایزه بین‌المللی برای سینمای ایران,0
1396,7,26,زادروز آنری برگسونفیلسوف وادیب مشهور فرانسوی، برندهٔ جایزه نوبل ادبیات سال۱۹۲۷,0
1396,7,26,درگذشت سانتیاگو رامون کاخال‏ زیست‌شناس و پزشک اسپانیایی، برندهٔ جایزه نوبل فیزیولوژی و پزشکی سال ۱۹۰۶,0
1396,7,27,زادروز میگل آنخل آستوریاس شاعر و نویسندهٔ گواتمالائی، برندهٔ جایزه نوبل فیزیک سال ۱۹۶۷,0
1396,7,27,زادروز سابراهمانین چاندراسکار اخترفیزیک‌دان آمریکایی، برندهٔ جایزه نوبل فیزیک سال ۱۹۸۳,0
1396,7,27,نخستین فرود هواپیمای کنکورد، در شهر نیویورک,0
1396,7,28,زادروز جان دیویی از معروفترین فیلسوفان آمریکایی قرن بیستم، از پیشتازان عمل گرایی (پراگماتیسم),0
1396,7,28,درگذشت برت لنکستر بازیگر و تهیه‌کنندهٔ آمریکایی، برندهٔ جایزه اسکار,0
1396,7,28,درگذشت پل دیراک فیزیکدان و ریاضیدان بریتانیایی، برندهٔ جایزه نوبل فیزیک سال ۱۹۳۳، از پایه گذاران مکانیک کوانتومی,0
1396,7,28,اعدام سرهنگ عزت‌الله سیامک به همراه 9 تن دیگر به عنوان اولین گروه از افسران حزب توده بعد از ماجرای 28 مرداد,0
1396,7,28,زادروز جیمز چدویک فیزیکدان بریتانیایی، برندهٔ جایزه نوبل فیزیک سال ۱۹۳۵ بدلیل کشف نوترون,0
1396,7,29,اختراع لامپ برق توسط توماس ادیسون,0
1396,7,29,زادروز آلفرد نوبل ، شیمی‌دان سوئدی، مخترع دینامیت، بنیان‌گذار جایزه نوبل,0
1396,7,29,توافق اتمی کره شمالی و ایالات متحده آمریکا بر سر متوقف کردن ساخت جنگ‌افزار هسته‌ای,0
1396,7,29,زادروز آلفونس دولامارتین شاعر، نویسنده و سیاست‌مدار فرانسوی,0
1396,7,29,روز ملی کوهنورد,0
1396,7,30,ساخت نخستین ماشین فتوکپی با نام زیراکس,0
1396,7,30,زادروز کلینتون دیویسون فیزیکدان آمریکایی، برندهٔ جایزه فیزیک نوبل سال ۱۹۳۷,0
1396,7,30,زادروز ایوان الکسیویچ بونین نویسنده و شاعر روس، برندهٔ جایزه نوبل ادبیات سال ۱۹۳۳,0
1396,7,30,درگذشت آلبرت سنت-گیورگی ، برندهٔ جایزه نوبل فیزیولوژی و پزشکی سال ۱۹۳۷,0
1396,8,1,روز آمار و برنامه ریزی,0
1396,8,1,آغاز کار نخستین فرستنده تلویزیون دولتی ایران، به نام «شبکه ملی»,0
1396,8,1,زادروز په له بازیکن سابق تیم ملی فوتبال برزیل ، برترین بازیکن فوتبال جهان,0
1396,8,1,درگذشت هربرت هاپتمن ریاضی‌دان آمریکایی، برندهٔ جایزه نوبل شیمی سال ۱۹۸۵,0
1396,8,1,درگذشت ادوارد دویسی زیست‌شیمیدان آمریکایی، برندهٔ جایزه نوبل فیزیولوژی و پزشکی سال ۱۹۴۳,0
1396,8,2,تأسیس سازمان ملل متحد,0
1396,8,2,سقوط وال‌استریت در سال ۱۹۲۹ سقوط بازار سهام در بازار بورس نیویورک,0
1396,8,2,درگذشت لوئی رنو صنعت‌گر فرانسوی، از بنیان‌گذاران شرکت خودرو سازی رنو,0
1396,8,3,زادروز اواریست گالوا ریاضیدان فرانسوی، واضع نظریه گروه در علم جبر,0
1396,8,3,درگذشت فریدون مشیری شاعر ایرانی,0
1396,8,3,زادروز پابلو پیکاسو نقاش، پیکرتراش، طراح صحنه و سرامیک‌کار مشهور اسپانیایی، خالق سبک کوبیسم,0
1396,8,4,درگذشت محمد بن عبداللّه بنیان‌گذار و پیامبر اسلام,0
1396,8,4,قتل حسن مجتبی امام سوم شیعیان توسط جعده دختر اشعث بن قیس کندی,0
1396,8,4,درگذشت کارلو کلودی نویسندهٔ کودک و نوجوان اهل ایتالیا، خالق پینوکیو,0
1396,8,5,زادروز جیمز کوک دریانورد و کاشف انگلیسی,0
1396,8,5,زادروز نیکولو پاگانینی آهنگساز و نوازنده زبردست ویولون اهل ایتالیا,0
1396,8,5,درگذشت وازگن سارگسیان فرمانده نظامی و سیاستمدار ارمنستانی,0
1396,8,6,هجرت محمد (ص) از مکه به مدینه و انتخاب این روز به عنوان مبدأ تاریخ مسلمانان در دو تقویم هجری شمسی و هجری قمری,0
1396,8,6,تاسیس دانشگاه هاروارد نخستین مؤسسه آموزش عالی در آمریکا,0
1396,8,6,زادروز جوناس سالک پزشک آمریکایی، کاشف واکسن فلج اطفال,0
1396,8,6,زادروز ویلیام هنری گیتس سوم مشهور به بیل گیتس مدیر شرکت مایکروسافت,0
1396,8,7,سالروز ورود کوروش بزرگ به بابل در سال 539 پیش از میلاد,0
1396,8,7,روز کوروش بزرگ: کوروش بزرگ بنیانگذار امپراتوری هخامنشیان در ایران، شهر بابِل، بزرگترین شهر دنیای باستان و مرکز تمدن بابل را فتح کرد.,0
1396,8,7,زادروز الن جانسون سیرلیف رئیس جمهور لیبریا، برندهٔ جایزه صلح نوبل به همراه توکل کرمان,0
1396,8,7,درگذشت جوزف پولیتزر روزنامه‌نگار معروف آمریکایی، بنیانگذار جایزهٔ ادبی پولیتزر,0
1396,8,8,روز نوجوان,0
1396,8,8,زادروز تئودور هانش فیزیکدان آلمانی، از برندگان جایزه نوبل فیزیک سال ۲۰۰۵,0
1396,8,8,زادروز آیدین آغداشلو نقاش، نویسنده، منتقد فیلم و طراح هنرمند ایرانی,0
1396,8,8,درگذشت هنری دونانت تاجر و فعال اجتماعی سوئیسی، برندهٔ اولین جایزه صلح نوبل در سال ۱۹۰۱ به همراه فردریک پاسی,0
1396,8,9,ترور ایندیرا گاندی نخست وزیر و یکی از برجسته‌ترین و بحث‌برانگیزترین رهبران هند,0
1396,8,9,زادروز جان کیتس شاعر برجستهٔ انگلیسی,0
1396,8,9,درگذشت محمد زکریای رازی پزشک، فیلسوف و شیمیدان ایرانی.,0
1396,8,10,آبان روز، جشن آبانگان,0
1396,8,10,ویلیام شکسپیر نمایشنامه «اُتلو» را برای نخستین بار در کاخ «وایت هال» لندن به روی صحنه آورد.,0
1396,8,10,زادروز رابرت لافلین فیزیکدان آمریکایی، برندهٔ جایزه نوبل فیزیک,0
1396,8,10,درگذشت تئودور مومسن تاریخ‌دان، واژه‌شناس و نویسنده آلمانی، برندهٔ جایزه نوبل ادبیات سال ۱۹۰۲,0
1396,8,11,درگذشت پیتر دبای دانشمند هلندی، برندهٔ جایزه نوبل شیمی سال ۱۹۳۶,0
1396,8,11,زادروز جرج بول ، ریاضیدان و فیلسوف انگلیسی,0
1396,8,11,زادروز میکائیل نالباندیان شاعر، نویسنده، اندیشمند سیاسی ارمنستانی و مبارز پرشور استقلال ارمنستان,0
1396,8,11,درگذشت پیتر دبای دانشمند هلندی، برندهٔ جایزه نوبل شیمی سال ۱۹۳۶,0
1396,8,12,اسپوتنیک ۲، نخستین فضاپیمایی که یک موجود زنده را به فضا برد توسط اتحاد جماهیر شوروی پرتاب شد.,0
1396,8,12,زادروز آمارتیا سن برندهٔ هندی جایزه نوبل اقتصاد,0
1396,8,12,الیمپ دگوژ نمایشنامه‌ نویس، فعال سیاسی و طرفدار الغای برده‌داری از نخستین فمنیست‌های اعدام شده است,0
1396,8,13,روز دانش آموز,0
1396,8,13,تولد فردریک بانتینگ کاشف انسولین,0
1396,8,13,درگذشت نورمن فاستر رمزی ، فیزیکدان آمریکایی، برندهٔ جایزه نوبل فیزیک سال ۱۹۸۹ به همراه هانس جرج دهملت و ولفگانگ پل,0
1396,8,13,درگذشت مایکل کرایتون نویسنده، کارگردان، فیلم نامه نویس، پزشک و تهیه کننده تلویزیونی,0
1396,8,14,روز فرهنگ عمومی,0
1396,8,14,زادروز محمدرضا اسحاقی گرجی، نوازنده و موسیقی‌دان مازندرانی,0
1396,8,14,زادروز پل ساباتیه شیمیدان فرانسوی، برندهٔ جایزه نوبل شیمی سال ۱۹۱۲,0
1396,8,14,درگذشت آیزایا برلین فیلسوف سیاسی، اندیشه‌نگار و نظریه‌پرداز سیاسی بریتانیایی,0
1396,8,15,جشن میانه پاییز,0
1396,8,15,آبراهام لینکلن برای یک دوره چهارساله به ریاست جمهوری ایالات متحده انتخاب شد، دوران ریاست جمهوری او، شاهد تجزیه ایالات جنوبی، آغاز جنگ داخلی و لغو برده‌داری بود.,0
1396,8,15,درگذشت هانس فون اوبر شلپین بیوشیمیست آلمانی، برندهٔ جایزه نوبل شیمی سال ۱۹۲۹,0
1396,8,16,تولد ماری کوری کاشف پولونیم و رادیوم,0
1396,8,16,زادروز ماری کوری فیزیکدان و شیمی‌دان لهستانی,0
1396,8,16,زادروز ماری کوری فیزیکدان و شیمی‌دان لهستانی,0
1396,8,16,زادروز محمدتقی بهار ملقب به ملک‌الشعرا، شاعر، ادیب، نویسنده و سیاست‌مدار ایرانی,0
1396,8,16,زادروز ماری کوری ، فیزیکدان و شیمیدان لهستانی، برندهٔ جایزه نوبل فیزیک سال۱۹۰۳ و جایزه نوبل شیمی سال ۱۹۱۱، همسر پیر کوری,0
1396,8,16,درگذشت استیو مک‌کوئین بازیگر آمریکایی، برندهٔ جایزه اسکار,0
1396,8,18,روز ملی کیفیت,0
1396,8,18,اربعین حسینی,1
1396,8,18,زادروز کریستف کلمب تاجر و دریانورد اسپانیایی,0
1396,8,18,زادروز محمد اقبال شاعر و فیلسوف بزرگ زبان فارسی,0
1396,8,19,تأسیس پلیس صلح بین‌ الملل,0
1396,8,19,زادروز فریدریش شیلر  نمایش‌نامه‌نویس و شاعر آلمانی,0
1396,8,20,زادروز فیودور میخاییلوویچ داستایوسکی نویسندهٔ سرشناس و تأثیرگذار روس، خالق رمان جنایت و مکافات و برادران کارامازوف,0
1396,8,20,درگذشت آرتوری ایلماری ویرتانن شیمیدان فنلاندی، برندهٔ جایزه نوبل شیمی سال ۱۹۴۵,0
1396,8,21,زادروز نیما یوشیج پدر شعر نو پارسی,0
1396,8,21,زادروز جان استرات ، فیزیکدان انگلیسی، برندهٔ جایزه نوبل فیزیک سال ۱۹۰۴,0
1396,8,21,درگذشت هاراطون داویدیان بنیانگذار روانپزشکی درایران,0
1396,8,22,زادروز ادوارد دویسی زیست‌شیمیدان آمریکایی، برندهٔ جایزه نوبل فیزیولوژی و پزشکی سال ۱۹۴۳,0
1396,8,22,زادروز رابرت لویی استیونسن نویسندهٔ اسکاتلندی، خالق جزیره گنج و دکتر جکیل و آقای هاید,0
1396,8,23,روز جهانی دیابت,0
1396,8,23,درگذشت سعید نفیسی، نویسنده، ادیب، تاریخ‌نگار، مترجم و شاعر ایرانی,0
1396,8,24,روز کتاب و کتابخوانی,0
1396,8,25,درگذشت هنری تاب شیمیدان آمریکایی کانادایی، برندهٔ جایزه نوبل شیمی سال ۱۹۸۳,0
1396,8,25,درگذشت میلتون فریدمن اقتصاددان آمریکایی، برنده جایزه نوبل اقتصاد سال ۱۹۷۶,0
1396,8,26,رحلت  رسول اکرم؛شهادت امام حسن مجتبی علیه السلام,1
1396,8,26,اختراع «موشواره» برای رایانه توسط دکتر داگلاس انگلبارت.,0
1396,8,26,زادروز مارتین اسکورسیزی ، کارگردان، فیلمنامه‌نویس، تهیه کننده، بازیگر و تاریخدان ایتالیایی-آمریکایی فیلم و سینما، برندهٔ جایزه اسکار,0
1396,8,27,روز جهانی فلسفه,0
1396,8,27,درگذشت والتر نرنست شیمیدان آلمانی، برندهٔ جایزه نوبل شیمی سال ۱۹۲۰,0
1396,8,27,زادروز لوئی داگر نقاش، مخترع و فیزیکدان بزرگ فرانسوی,0
1396,8,28,شهادت امام رضا علیه السلام,1
1396,8,28,درگذشت ستارخان ملقب به سردار ملی از سرداران جنبش مشروطه ایران,0
1396,8,28,درگذشت فرانتس شوبرت موسیقیدان اتریشی,0
1396,8,28,زادروز ایندیرا گاندی ،سیاستمدار هندی,0
1396,8,28,روز جهانی آقایان,0
1396,8,29,هجرت پیامبر اکرم از مکه به مدینه,0
1396,8,29,روز جهانی کودک,0
1396,8,29,درگذشت لئو تولستوی نویسنده و فعال سیاسی و اجتماعی روس,0
1396,8,29,زادروز نادین گوردیمر نویسنده و فعال سیاسی اهل آفریقای جنوبی، برندهٔ جایزه نوبل ادبیات سال ۱۹۹۱,0
1396,8,30,نخستین پرواز ثبت‌شده انسان با بالون توسط برادران مون‌گلفیه در پاریس,0
1396,8,30,زادروز ولتر، فیلسوف و نویسندهٔ فرانسوی عصر روشنگر,0
1396,9,1,آذر جشن,0
1396,9,1,درگذشت هانس آدولف کربس پزشک و زیست‌شیمیدان بریتانیایی-آلمانی، برندهٔ جایزه نوبل فیزیولوژی و پزشکی سال ۱۹۵۳,0
1396,9,2,درگذشت غلامحسین درویش معروف به «درویش‌خان»، هنرمند نامی و استاد موسیقی ایرانی اواخر دورهٔ قاجاریه,0
1396,9,2,زادروز یوهان دیدریک وان در والس دانشمند و ترمودینامیک‌دان هلندی، برندهٔ جایزهٔ فیزیک نوبل سال ۱۹۱۰,0
1396,9,3,زادروز کیهان کلهر آهنگساز و نوازندهٔ برجسته ایرانی,0
1396,9,3,زادروز باروخ اسپینوزا ، فیلسوف مشهور هلندی,0
1396,9,4,ارائه نظریه نسبیت عام توسط آلبرت انیشتین,0
1396,9,4,روز جهانی مبارزه با خشونت علیه زنان,0
1396,9,4,زادروز کارل بنز مهندس آلمانی ،طراح موتور ماشین، اتومبیل بنزین سوز و بنیانگذار مرسدس بنز,0
1396,9,4,درگذشت جبار باغچه‌بان بنیان‌گذار نخستین کودکستان و نخستین مدرسه ناشنوایان ایران، اولین مؤلف و ناشر کتاب کودک در ایران,0
1396,9,5,روز بسیج مستضعفان,0
1396,9,5,درگذشت هاینریش هرتز، ریاضیدان و فیزیک‌دان برجستهٔ آلمانی,0
1396,9,6,شهادت امام حسن عسکری علیه السلام,1
1396,9,6,درگذشت یوجین اونیل نمایشنامه‌نویس آمریکایی، برندهٔ جایزه ادبیات نوبل سال ۱۹۳۶,0
1396,9,6,درگذشت ایدا لاولیس ریاضیدان انگلیسی، نخستین برنامه‌ساز رایانه,0
1396,9,7,روز نیروی دریایی,0
1396,9,7,زادروز ویلیام بلیک شاعر و نقاش بریتانیایی,0
1396,9,7,زادروز کلود لوی-استروس قوم‌شناس و انسان‌شناس فرانسوی، از نظریه‌پردازان انسان‌شناسی مدرن,0
1396,9,8,درگذشت یقیشه چارنتس شاعر، فعال مدنی ارمنستانی,0
1396,9,8,زادروز گائتانو دونیزتی آهنگساز ایتالیایی,0
1396,9,9,جشن آذرگان ،آذر روز,0
1396,9,9,زادروز تئودور مومسن تاریخدان، حقوقدان، روزنامه‌نگار، سیاستمدار و باستان‌شناس آلمانی، برندهٔ جایزه نوبل ادبیات سال ۱۹۰۲,0
1396,9,9,زادروز مارک توین نویسندهٔ آمریکایی، خالق ماجراهای هاکلبری فین و ماجراهای تام سایر,0
1396,9,10,روز مجلس,0
1396,9,10,میلاد رسول اکرم به روایت اهل سنت,0
1396,9,10,روز جهانی ایدز,0
1396,9,11,مراسم تاج‌گذاری ناپلئون بُناپارت به عنوان امپراتور فرانسه در کلیسای نوتردام پاریس برگزار شد.,0
1396,9,11,کشته شدن میرزا کوچک خان جنگلی مبارز و رهبر جنبش ملی جنگل,0
1396,9,11,درگذشت لوییز اف لیلویر بیوشیمیست آرژانتینی، برندهٔ جایزه نوبل فیزیولوژی و پزشکی سال ۱۹۷۰,0
1396,9,12,روز جهانی معلولان,0
1396,9,12,درگذشت کلود شابرول کارگردان فرانسوی، از بنیان‌گذاران موج نوی فرانسه,0
1396,9,12,زادروز کیم دای جونگ رئیس‌جمهور کره جنوبی از سال ۱۹۹۸ تا ۲۰۰۳، برندهٔ جایزه صلح نوبل سال ۲۰۰۰,0
1396,9,12,رسمی شدن قانون اساسی جمهوری اسلامی ایران,0
1396,9,13,روز بیمه,0
1396,9,13,زادروز توماس کارلایل ، متفکر و تاریخدان اسکاتلندی,0
1396,9,13,درگذشت توماس هانت مورگان زیست‌شناس آمریکایی، برندهٔ جایزه نوبل فیزیولوژی و پزشکی سال ۱۳۱۲,0
1396,9,14,درگذشت نلسون ماندلا نخستین رئیس جمهور آفریقای جنوبی، برندهٔ جایزه صلح نوبل سال ۱۹۹۳,0
1396,9,15,میلاد رسول اکرم و امام جعفر صادق علیه السلام,1
1396,9,15,روز حسابدار,0
1396,9,15,زادروز جرج پرتر شیمیدان انگلیسی، برندهٔ جایزه نوبل شیمی سال ۱۹۶۷,0
1396,9,16,روز دانشجو,0
1396,9,16,کناره گیری رضا شاه از سلطنت به نفع پسرش محمدرضا پهلوی در پی اشغال ایران در جنگ جهانی دوم توسط نیروهای متفقین,0
1396,9,16,درگذشت الی دوکامن، فعال صلح، برندهٔ جایزه صلح نوبل سال ۱۹۰۲ به‌همراه چارلز آلبرت گوبات,0
1396,9,17,زادروز داریوش مهرجویی کارگردان، نویسنده و مترجم ایرانی.,0
1396,9,17,زادروز ژان سیبلیوس، آهنگساز فنلاندی و از محبوب‌ترین چهره‌های موسیقی کلاسیک در قرن ۱۹ و اوایل قرن بیستم,0
1396,9,17,درگذشت جرج بول ریاضیدان و فیلسوف انگلیسی، از بنیان‌گذاران علم کامپیوتر,0
1396,9,18,زادروز فریتس هابر شیمیدان آلمانی، برندهٔ جایزه نوبل شیمی سال ۱۹۱۸,0
1396,9,18,درگذشت گوستاف دالن کارخانه‌دار سوئدی، مخترع شیرهای خودکار، برندهٔ جایزه نوبل فیزیک سال ۱۹۱۲,0
1396,9,19,زادروز حیدر رقابی متخلص به هاله از شاعران معاصر اهل ایران,0
1396,9,19,زادروز ایدا لاولیس ، ریاضیدان و نخستین برنامه‌ساز رایانه,0
1396,9,19,درگذشت آلفرد نوبل شیمیدان، مهندس، مبتکر و اسلحه‌ساز سوئدی، بنیانگذار جایزه نوبل,0
1396,9,20,زادروز نجیب محفوظ نویسنده و نمایشنامه‌نویس مصری، برندهٔ جایزه نوبل ادبیات,0
1396,9,20,درگذشت ونسانت دو وینیو بیوشیمیدان آمریکایی، برندهٔ جایزه نوبل شیمی سال ۱۹۵۵,0
1396,9,20,درگذشت ابوالحسن صدیقی نقاش و مجسمه‌ساز برجستهٔ ایرانی,0
1396,9,20,روز جهانی کوه نوردی,0
1396,9,21,زادروز احمد شاملو شاعر و نویسنده و مترجم ایرانی,0
1396,9,21,زادروز آلفرد ورنر شیمیدان سوئیسی، برندهٔ جایزه نوبل شیمی سال ۱۹۱۳,0
1396,9,22,درگذشت ویکتور گرینیارد شیمیدان فرانسوی، برندهٔ جایزه نوبل شیمی سال ۱۹۱۲,0
1396,9,22,درگذشت پل ساموئلسون اقتصاددان اهل ایالات متحده آمریکا، برندهٔ جایزه نوبل اقتصاد سال۱۹۷۰,0
1396,9,23,درگذشت ویسنته آله‌ایخاندره شاعر برجستهٔ متولد کشور اسپانیا، برندهٔ جایزه نوبل ادبیات سال ۱۹۷۷,0
1396,9,23,زادروز تیکو براهه، منجم دانمارکی,0
1396,9,24,زادروز آنری بکرل فیزیکدان فرانسوی، برندهٔ جایزه نوبل فیزیک سال ۱۹۰۳,0
1396,9,24,درگذشت ولفگانگ پائولی فیزیکدان بلندپایه اتریشی,0
1396,9,25,روز پژوهش,0
1396,9,25,درگذشت ویلیام سامرست موآم، داستان‌نویس و نمایشنامه‌نویس انگلیسی,0
1396,9,26,روز حمل و نقل,0
1396,9,26,زادروز لودویگ فان بتهوون، موسیقیدان برجستهٔ آلمانی,0
1396,9,27,زادروز ویلی برانت سیاستمدار آلمانی، صدر اعظم آلمان غربی از ۱۹۶۹ تا ۱۹۷۴، برندهٔ جایزه صلح نوبل ۱۹۷۱,0
1396,9,27,زادروز استیون اسپیلبرگ کارگردان، تهیه‌کننده و فیلم‌نامه‌نویس آمریکایی، برندهٔ ۳ جایزه اسکار و یکی از موفقترین کارگردانان تاریخ سینما,0
1396,9,28,زادروز آلبرت آبراهام مایکلسون فیزیکدان آمریکایی روس‌تبار، برندهٔ جایزه فیزیک نوبل سال ۱۹۰۷,0
1396,9,28,درگذشت رابرت میلیکان فیزیکدان برجستهٔ آمریکایی، برندهٔ جایزه نوبل فیزیک سال ۱۹۲۳,0
1396,9,29,زادروز دیوید بوهم فیزیک دان مشهور آمریکایی,0
1396,9,29,زادروز یاروسلاو هیروفسکی شیمیدان و مخترع اهل جمهوری چک، برنده جایزه نوبل شیمی سال ۱۹۵۹,0
1396,9,29,درگذشت جان استاینبک نویسندهٔ آمریکایی، خالق خوشه‌های خشم، برندهٔ جایزه نوبل ادبیات سال ۱۹۶۲,0
1396,9,30,جشن شب یلدا,0
1396,10,1,روز میلاد خورشید؛ جشن خرم روز، نخستین جشن دیگان,0
1396,10,2,درگذشت آنتونی فوکر بنیانگذار شرکت فوکر,0
1396,10,3,زادروز احمد محمود نویسندهٔ معاصر ایرانی,0
1396,10,3,درگذشت اکبر رادی نمایشنامه نویس ایرانی,0
1396,10,4,جشن کریسمس,0
1396,10,4,زادروز اسحاق نیوتن فیزیکدان و ریاضیدان انگلیسی,0
1396,10,4,درگذشت چارلی چاپلین بازیگر، کارگردان و آهنگساز، برندهٔ جایزه اسکار,0
1396,10,5,زمین لرزه ی بم [1382 خورشیدی],0
1396,10,5,سالروز شهادت آشو زرتشت، اَبَراِنسان بزرگ تاریخ,0
1396,10,6,ولادت امام حسن عسکری علیه السلام,0
1396,10,6,زادروز یوهانس کپلر دانشمند، ریاضیدان و ستاره‌شناس سرشناس آلمانی,0
1396,10,7,زادروز فروغ فرخزاد شاعر ایرانی,0
1396,10,7,درگذشت سوزان سونتاگ نویسنده، نظریه‌پرداز ادبی و فعال سیاسی اهل آمریکا,0
1396,10,8,دی به آذر روز، دومین جشن دیگان,0
1396,10,8,وفات حضرت معصومه سلام الله علیها,0
1396,10,8,زادروز فروغ فرخزاد شاعر ایرانی,0
1396,10,8,درگذشت کارل اشپیتلر شاعر سوئیسی، برنده جایزه نوبل ادبیات سال ۱۹۱۹,0
1396,10,8,زادروز رونالد کوز، اقتصاددان و نویسندهٔ اهل بریتانیا، برندهٔ جایزه نوبل اقتصاد سال ۱۹۹۱,0
1396,10,9,درگذشت رومن رولان نویسنده فرانسوی، برندهٔ جایزه نوبل ادبیات سال ۱۹۱۵,0
1396,10,9,زادروز فرانسیس-آندره وینسنت نقاش فرانسوی,0
1396,10,10,درگذشت جرارد دبرو اقتصاددان و ریاضیدان فرانسوی، برنده جایزه نوبل اقتصاد سال ۱۹۸۳,0
1396,10,10,زادروز لیلیت تریان مجسمه‌ساز ایرانی، مادر مجسمه‌سازی ایران,0
1396,10,11,جشن آغاز سال نو میلادی,0
1396,10,12,روز حافظ,0
1396,10,13,درگذشت نیما یوشیج پدر شعر نو پارسی,0
1396,10,13,شهادت سردار حاج قاسم سلیمانی [1398 خورشیدی],0
1396,10,13,زادروز جان رونالد روئل تالکین، نویسنده و زبان‌شناس بریتانیایی، خالق آثاری چون هابیت و ارباب حلقه‌ها,0
1396,10,13,درگذشت جک رابی عامل ترور لی هاروی (عامل ترورجان اف. کندی رئیس‌جمهور ایالات متحده آمریکا),0
1396,10,14,زادروز لوئی بریل ابداع کنندهٔ خط بریل,0
1396,10,15,دی به مهر روز، سومین جشن دیگان,0
1396,10,15,زادروز شاه جهان پنجمین امپراتور سلسله گورکانیان هند,0
1396,10,15,کشته شدن منصور ستاری از فرماندهان نیروی هوایی ارتش جمهوری اسلامی ایران,0
1396,10,16,زادروز جبران خلیل جبران نویسندهٔ سرشناس آمریکایی لبنانی‌الاصل، خالق اثر مشهور پیامبر,0
1396,10,16,درگذشت لوئی بریل ابداع کننده خط بریل,0
1396,10,16,غرق شدن کشتی سانچی [1396 خورشیدی],0
1396,10,17,اعدام بابک خرمدین به دست معتصم، خلیفه عباسی در سامرا,0
1396,10,17,درگذشت نیکولا تسلا ، مخترع رادیو، فیزیکدان و مهندس صربی‌الاصل آمریکایی,0
1396,10,17,حادثه کشته شدن 56 تن از تشیع کنندگان در کرمان,0
1396,10,18,زادروز استیون هاوکینگ فیزیکدان و کیهان‌شناس بریتانیایی,0
1396,10,18,درگذشت گالیلئو گالیله دانشمند و مخترع سرشناس ایتالیائی,0
1396,10,18,حادثه پرواز 752 هواپیمایی اوکراین [1398 خورشیدی],0
1396,10,19,زادروز سیمون دو بووار فیلسوف و نویسندهٔ فمینیست فرانسوی,0
1396,10,19,درگذشت جیمز مک‌گیل بیوکنن اقتصاددان آمریکایی، برندهٔ جایزه نوبل اقتصاد سال ۱۹۸۶,0
1396,10,19,درگذشت اکبر هاشمی رفسنجانی [1395 خورشیدی],0
1396,10,20,قتل امیرکبیر به دستور ناصرالدین شاه قاجار [1230 خورشیدی],0
1396,10,20,درگذشت گابریلا میسترال شاعر، آموزگار، دیپلمات و فمینیست شیلیایی، برندهٔ جایزه نوبل ادبیات سال ۱۹۴۵,0
1396,10,21,درگذشت کارل دیوید آندرسون فیزیکدان آمریکایی، برندهٔ جایزه فیزیک نوبل سال ۱۹۳۶,0
1396,10,22,زادروز جک لندن نویسنده آمریکایی,0
1396,10,22,زادروز محسن هشترودی ریاضی‌دان، فیلسوف و شاعر ایرانی.,0
1396,10,23,دی به دین روز، چهارمین جشن دیگان,0
1396,10,23,زادروز ویلهلم وین فیزیکدان آلمانی,0
1396,10,24,زادروز آلبرت شوایتسر پزشک و موسیقیدان آلمانی، برندهٔ جایزه صلح نوبل سال ۱۹۵۲,0
1396,10,24,درگذشت ادموند هالی منجم، فیزیکدان و هواشناس انگلیسی,0
1396,10,25,موزه بریتانیا در لندن برای بازدید عموم گشایش یافت، امروزه این موزه حافظ بیش از ۷ میلیون قطعه از آثار فرهنگی دوران مختلف است.,0
1396,10,25,نخستین مکالمه تلفنی میان نیویورک و سانفرانسیسکو برقرار شد.,0
1396,10,25,ویکی‌پدیای انگلیسی بزرگترین و قدیمی‌ترین نسخه دانشنامه ویکی‌پدیا آغاز به کار کرد.,0
1396,10,26,درگذشت آرتورو توسکانینی  آهنگساز و موسیقی‌دان و رهبر ارکستر ایتالیایی.,0
1396,10,27,اجرای توافق نامه‌ی برجام,0
1396,10,28,زادروز یوایچیرو نامبو فیزیکدان ژاپنی-آمریکایی، برندهٔ جایزه نوبل فیزیک سال ۲۰۰۸,0
1396,10,28,درگذشت رودیارد کیپلینگ نویسنده و رمان‌نویس اهل کشور انگلستان با اصلیت هندی، برندهٔ جایزه نوبل ادبیات سال ۱۹۰۷,0
1396,10,29,برای اولین بار، لامپ رشته‌ای ساخته شده توسط توماس ادیسون در نیوجرسی شروع به کار کرد.,0
1396,10,29,درگذشت اشو عارف، گورو و فیلسوف هندی,0
1396,10,30,کشف اشعه ایکس توسط ویلهلم کنراد رونتگن فیزیکدان آلمانی.,0
1396,10,30,زادروز یوهانس ویلهلم ینسن نویسنده دانمارکی، برندهٔ جایزه نوبل ادبیات سال ۱۹۴۴,0
1396,10,30,آتش‌سوزی و فروریختن ساختمان پلاسکو [1395 خورشیدی],0
1396,11,1,زادروز فردوسی,0
1396,11,1,درگذشت جرج اورول، داستان‌نویس، روزنامه‌نگار، منتقد ادبی و شاعر انگلیسی,0
1396,11,2,بهمن روز، جشن بهمنگان,0
1396,11,2,زادروز لو لانداو فیزیکدان اهل شوروی، برندهٔ جایزه نوبل فیزیک سال ۱۹۶۲,0
1396,11,3,ولادت حضرت زینب سلام الله علیها و روز پرستار و بهورز,0
1396,11,3,زادروز درک والکوت شاعر و نمایشنامه نویس انگلیسی، برندهٔ جایزه نوبل ادبیات سال ۱۹۹۲,0
1396,11,3,درگذشت سالوادور دالی، نقاش فراواقع‌گرای اسپانیایی.,0
1396,11,4,درگذشت آمادئو مودیلیانی نقاش و مجسمه‌ساز برجستهٔ ایتالیایی,0
1396,11,5,جشن نوسره,0
1396,11,5,زادروز رابرت بویل، شیمی‌دان، فیزیک‌دان، و مخترع انگلیسی؛ پایه‌گذار شیمی جدید.,0
1396,11,6,درگذشت ادوارد جنر، پزشک انگلیسی، کاشف کاربرد واکسیناسیون برای بیماری آبله.,0
1396,11,6,درگذشت نیکلاوس اتو، مهندس آلمانی، مخترع موتور درون‌سوز.,0
1396,11,7,زادروز ولفگانگ آمادئوس موتسارت، آهنگساز اتریشی، از بزرگ‌ترین آهنگسازان موسیقی کلاسیک.,0
1396,11,7,درگذشت یوهان گوتلیب فیشته، فیلسوف آلمانی؛ از پایه‌گذاران مکتب ایده‌آلیسم.,0
1396,11,8,درگذشت ویلیام باتلر ییتس، شاعر و نمایشنامه‌نویس ایرلندی؛ برندهٔ، جایزه نوبل ادبیات سال ۱۹۲۳.,0
1396,11,9,زادروز آنتوان چخوف، نویسنده و نمایشنامه‌نویس برجستهٔ روسی,0
1396,11,9,درگذشت فریتس هابر، شیمی‌دان آلمانی؛ برندهٔ جایزه نوبل شیمی.,0
1396,11,10,جشن سده,0
1396,11,10,درگذشت ماهاتما گاندی، رهبر سیاسی و معنوی مردم هندوستان در مبارزه با استعمار امپراتوری بریتانیا.,0
1396,11,11,درگذشت جان گالزورثی، نویسنده و نمایشنامه‌نویس انگلیسی؛ برندهٔ جایزه نوبل ادبیات سال ۱۹۳۲.,0
1396,11,12,بازگشت امام خمینی (ره) به ایران,0
1396,11,12,درگذشت ورنر کارل هایزنبرگ، فیزیک‌دان آلمانی، برندهٔ جایزه نوبل فیزیک سال ۱۹۳۲.,0
1396,11,12,زادروز امیلیو گینو سگر، فیزیکدان ایتالیایی، برندهٔ جایزه نوبل فیزیک سال ۱۹۵۹.,0
1396,11,13,درگذشت دمیتری مندلیف، شیمیدان روس؛ پایه‌گذار جدول تناوبی عناصر شیمیائی,0
1396,11,13,زادروز جیمز جویس، نویسندهٔ ایرلندی؛ خالق رمان اولیس,0
1396,11,14,زادروز فلیکس مندلسون، آهنگساز، پیانیست، ارگ‌نواز و رهبر ارکسترآلمانی.,0
1396,11,14,درگذشت آگوست هورش، بنیانگذار شرکت آئودی.,0
1396,11,15,جشن میانه زمستان,0
1396,11,16,زادروز رابرت هافستاتر، فیزیکدان آمریکایی؛ برندهٔ جایزه نوبل فیزیک سال ۱۹۶۱.,0
1396,11,16,درگذشت واسیلی لئونتیف، اقتصاددان آمریکایی؛ برندهٔ جایزه نوبل اقتصاد سال ۱۹۷۳.,0
1396,11,17,زادروز فرانسوا تروفو، فیلمساز، نظریه‌پرداز و منتقد سینمایی فرانسوی.,0
1396,11,17,درگذشت گوستاو کلیمت، نقاش نمادگرای اتریشی.,0
1396,11,18,زادروز چارلز دیکنز نویسندهٔ انگلیسی، خالق دیوید کاپرفیلد، آرزوهای بزرگ و الیور توئیست.,0
1396,11,18,زادروز گادفری هارولد هاردی ریاضیدان انگلیسی، صاحب آثاری در زمینه آنالیز ریاضی و نظریه اعداد.,0
1396,11,19,روز نیروی هوایی,0
1396,11,19,زادروز ژول ورن، نویسندهٔ علمی–تخیلی، شاعر و نمایشنامه‌نویس فرانسوی.,0
1396,11,19,زادروز دمیتری مندلیف، شیمیدان روس؛ پایه‌گذار جدول تناوبی عناصر شیمیائی.,0
1396,11,20,روز جهانی کودک,0
1396,11,20,درگذشت فئودور داستایوسکی، نویسندهٔ روس، خالق برادران کارامازوف ، جنایت و مکافات ،ابله، جن‌زدگان,0
1396,11,20,زادروز جان ماکسول کوئتزه، نویسندهٔ اهل آفریقای جنوبی؛ برندهٔ جایزه نوبل ادبیات سال ۲۰۰۳.,0
1396,11,21,زادروز والتر هاوسر براتین، فیزیکدان آمریکایی؛ برندهٔ جایزه نوبل فیزیک سال۱۹۵۶.,0
1396,11,21,درگذشت ویلهلم کنراد رونتگن، فیزیکدان آلمانی؛ کاشف اشعه ایکس، برندهٔ جایزه نوبل فیزیک سال ۱۹۰۱.,0
1396,11,22,پیروزی انقلاب اسلامی,1
1396,11,22,تولد توماس ادیسون,0
1396,11,22,حمله به سفارت روسیه و قتل گریبایدوف سفیر روسیه تزاری در ایران,0
1396,11,23,زادروز چارلز داروین بنیانگذار نظریه‌ی فرگشت از طریق انتخاب طبیعی,0
1396,11,23,زادروز جولیان شوینگر، فیزیکدان آمریکایی؛ برندهٔ جایزه نوبل فیزیک سال ۱۹۶۵.,0
1396,11,24,زادروز ویلیام شاکلی، فیزیک‌دان و مخترع آمریکایی بریتانیایی‌الاصل؛ برندهٔ جایزه نوبل فیزیک سال۱۹۵۶.,0
1396,11,24,درگذشت ریشارد واگنر، آهنگ‌ساز، رهبر ارکستر، نظریه‌پرداز موسیقی و مقاله‌نویس آلمانی.,0
1396,11,25,جشن ولنتاین,0
1396,11,25,ثبت اختراع تلفن توسط الکساندر گراهام بل,0
1396,11,25,زادروز چارلز تامسون ریس ویلسون، فیزیک‌دان و هواشناس اسکاتلندی؛ برندهٔ جایزه نوبل فیزیک سال ۱۹۲۷,0
1396,11,26,زادروز گالیلئو گالیله، دانشمند و مخترع ایتالیایی.,0
1396,11,26,درگذشت اون ویلانز ریچاردسون، فیزیک‌دان انگلیسی؛ برندهٔ جایزه نوبل فیزیک سال ۱۹۲۸.,0
1396,11,27,زادروز ارنست هکل، زیست‌شناس، مورخ طبیعت، فیلسوف، پزشک و استاد آلمانی.,0
1396,11,27,درگذشت فرانسیس راوس، ویروس‌شناس آمریکایی؛ برنده جایزه نوبل فیزیولوژی و پزشکی.,0
1396,11,28,زادروز آرکانجلو کورلی، آهنگساز و نوازندهٔ ویولن اهل ایتالیا,0
1396,11,28,درگذشت مسروب ماشتوتس، ابداع‌کننده الفبای زبان ارمنی و بانی ادبیات نوشتاری ارمنی,0
1396,11,29,جشن سپندارمذگان و روز عشق,0
1396,11,30,درگذشت رابرت کلمن ریچاردسون، فیزیک‌دان آمریکایی؛ برندهٔ جایزه نوبل فیزیک سال۱۹۹۶.,0
1396,11,30,زادروز سوانت آرنیوس، شیمیدان سوئدی؛ برندهٔ جایزه نوبل شیمی سال ۱۹۰۳.,0
1396,12,1,شهادت حضرت فاطمه زهرا سلام الله علیها,1
1396,12,1,زادروز جرج اسموت، کیهان‌شناس و اخترفیزیک‌دان آمریکایی؛ برندهٔ جایزه نوبل فیزیک سال ۲۰۰۶.,0
1396,12,1,درگذشت ماریا ژئوپرت مایر، فیزیک‌دان آمریکایی-آلمانی؛ برندهٔ جایزه نوبل فیزیک سال ۱۹۶۳، دومین زن برندهٔ جایزه نوبل فیزیک در جهان.,0
1396,12,2,روز جهانی زبان مادری,0
1396,12,2,درگذشت فردریک بانتینگ کاشف انسولین,0
1396,12,2,درگذشت هایک کامرلینگ اونس، فیزیکدان هلندی؛ برندهٔ جایزه نوبل فیزیک سال ۱۹۱۳,0
1396,12,2,درگذشت میخائیل شولوخف، نویسندهٔ روس؛ برندهٔ جایزه نوبل ادبیات سال۱۹۶۵,0
1396,12,3,زادروز فردریک شوپن، نوازنده پیانو و آهنگساز لهستانی.,0
1396,12,3,درگذشت فردینان دو سوسور، زبان‌شناس سوئیسی؛ وی را پدر زبان‌شناسی نوین می‌دانند.,0
1396,12,4,درگذشت کارل فریدریش گاوس، ریاضی‌دان برجستهٔ آلمانی.,0
1396,12,5,روز بزرگداشت زمین و بانوان,0
1396,12,5,روز بزرگداشت خواجه نصیر الدین طوسی و روز مهندس,0
1396,12,6,درگذشت تئودور سودبرگ شیمیدان سوئدی؛ برندهٔ جایزه نوبل شیمی سال ۱۹۲۶,0
1396,12,6,درگذشت گلن سیبورگ، شیمیدان آمریکایی؛ برندهٔ جایزه نوبل شیمی سال ۱۹۵۱,0
1396,12,7,سالروز استقلال کانون وکلای دادگستری و روز وکیل مدافع,0
1396,12,7,سالروز درگذشت علی اکبر دهخدا,0
1396,12,9,زادروز لینوس پاولینگ، دانشمند، فعال صلح و نویسندهٔ آمریکایی؛ برندهٔ دو جایزه نوبل (شیمی سال ۱۹۵۴ و صلح سال ۱۹۶۲).,0
1396,12,9,درگذشت دونالد آرتور گلایزر، فیزیکدان و نورئوبیولوژیست آمریکایی؛ برندهٔ جایزه نوبل فیزیک سال ۱۹۶۰,0
1396,12,11,درگذشت هاوارد کارتر باستان‌شناس و مصرشناس بریتانیایی,0
1396,12,12,زادروز الکساندر گراهام بل مخترع تلفن,0
1396,12,14,درگذشت دکتر محمد مصدق,0
1396,12,15,روز درختکاری,0
1396,12,15,زادروز گابریل گارسیا مارکز رمان‌نویس، روزنامه‌نگار، ناشر و فعال سیاسی کلمبیایی، برندهٔ جایزه نوبل ادبیات,0
1396,12,16,درگذشت ادوارد میلز پورسل فیزیکدان آمریکایی برندهٔ جایزه نوبل فیزیک سال ۱۹۵۲,0
1396,12,17,روزجهانی زنان,0
1396,12,18,ولادت حضرت فاطمه زهرا سلام الله علیها و روز مادر,0
1396,12,18,زادروز یوری گاگارین، نخستین فضانورد جهان,0
1396,12,20,درگذشت الکساندر فلمینگ کاشف پنی‌سیلین، برندهٔ جایزه نوبل پزشکی سال ۱۹۴۵,0
1396,12,20,زادروز منصور نریمان نوازندهٔ بربط، آهنگساز، ردیف‌دان، پژوهشگر موسیقی سنتی ایران و پدر عود ایران,0
1396,12,21,زادروز فرهاد فخرالدینی موسیقیدان، رهبر ارکستر ملی ایران,0
1396,12,21,درگذشت ویلیام هنری براگ فیزیک‌دان و شیمی‌دان بریتانیایی، برندهٔ جایزه نوبل فیزیک در سال ۱۹۱۵,0
1396,12,23,تولد آلبرت انیشتین,0
1396,12,23,درگذشت ویلیام آلفرد فاولر اخترفیزیک‌دان آمریکایی، برندهٔ جایزه نوبل فیزیک سال ۱۹۸۳,0
1396,12,24,درگذشت علی تجویدی، نوازندهٔ ویولن و سه‌تار و آهنگساز ایرانی,0
1396,12,25,پایان سرایش شاهنامه,0
1396,12,25,زادروز ریچارد استالمن، یک آمریکایی طرفدار آزادی نرم‌افزار و برنامه‌نویس کامپیوتر، بنیانگذار بنیاد نرم‌افزارهای آزاد,0
1396,12,25,درگذشت سلما لاگرلوف نویسنده سوئدی، اولین زن برندهٔ جایزه نوبل ادبیات,0
1396,12,26,زادروز پروین اعتصامی شاعر ایرانی,0
1396,12,26,درگذشت ایرن ژولیو-کوری فیزیک‌دان و شیمی‌دان فرانسوی، کاشف رادیواکتیویتهٔ مصنوعی، برندهٔ جایزه نوبل شیمی سال ۱۹۲۵,0
1396,12,27,فضانورد روس، آلکسی لئونوف در لباس فضایی از سفینه فضایی وسخود ۲ خارج شد و به عنوان اولین انسانی که به فضا گام نهاد، نام خود را در تاریخ ثبت کرد.,0
1396,12,27,درگذشت اریش فروم روانکاو و فیلسوف اجتماعی آمریکایی آلمانی تبار، از مارکسیست‌های سرشناس مکتب فرانکفورت و از برجسته‌ترین نمایندگان مکتب روانشناسی اومانیستی,0
1396,12,28,ولادت  امام محمد باقر علیه السلام,0
1396,12,29,روز ملی شدن صنعت نفت ایران,1
1396,12,29,روز جهانی شادی,0
