year,month,day,event,isHoliday
1401,1,1,جشن نوروز,0
1401,1,1,روز جهانی شعر,0
1401,1,2,عیدنوروز,0
1401,1,2,روز جهانی آب,0
1401,1,3,عیدنوروز,0
1401,1,3,درگذشت فریدریش آوگوست فون هایک  قتصاددان و فیلسوف سیاسی,0
1401,1,4,عیدنوروز,0
1401,1,4,درگذشت اسماعیل ادیب خوانساری موسیقیدان ایرانی,0
1401,1,4,زادروز پیتر دبای دانشمند هلندی,0
1401,1,6,روز امید,0
1401,1,6,زادروز آشو زرتشت,0
1401,1,6,زادروز لری پیج کارآفرین و مبتکر آمریکایی,0
1401,1,6,درگذشت لودویگ فان بتهوون موسیقی‌دان برجستهٔ آلمانی,0
1401,1,7,روز جهانی تئاتر,0
1401,1,8,درگذشت ویرجینیا وولف,0
1401,1,10,جشن آبانگاه,0
1401,1,10,درگذشت فریدریش برژیوس شیمیدان آلمانی,0
1401,1,11,برج ایفل در پاریس بطور رسمی گشایش یافت.,0
1401,1,12,روز جمهوری اسلامی,0
1401,1,13,جشن سیزده به در,0
1401,1,13,درگذشت علی‌اکبر صنعتی نقاش و مجسمه‌ساز ایرانی,0
1401,1,13,روز جهانی کتاب کودک,0
1401,1,13,روز جهانی اطلاع‌رسانی دربارهٔ بیماری اوتیسم,0
1401,1,14,زادروز ابوالحسن صبا موسیقیدان,0
1401,1,14,درگذشت یوهانس برامس موسیقی‌دان بزرگ آلمانی,0
1401,1,15,درگذشت پروین اعتصامی,0
1401,1,15,گشایش رسمی مرکز تجارت جهانی,0
1401,1,15,درگذشت ویلهلم اوستوالد شیمیدان آلمانی,0
1401,1,17,سروش روز,0
1401,1,17,درگذشت توماسو آلبینونی آهنگساز ایتالیایی,0
1401,1,17,زاد روز هورست لودویگ اشتورمر فیزیکدان آلمانی,0
1401,1,17,زاد روز جیمز واتسون ,0
1401,1,18,روز جهانی بهداشت,0
1401,1,19,فروردین روز,0
1401,1,19,درگذشت پابلو پیکاسو  نقاش,0
1401,1,19,درگذشت اریک آکسل کارلفلدت شاعر نمادگرای سوئدی,0
1401,1,20,درگذشت فرانسوا رابله ادیب,0
1401,1,21,درگذشت جبران خلیل جبران نویسنده سرشناس لبنان و آمریکا,0
1401,1,21,زادروز جوزف پولیتزر روزنامه‌نگار معروف آمریکایی و بنیانگذار جایزه ادبی پولیتزر,0
1401,1,22,زادروز آدلاید لابلی گویارد نقاش فرانسوی,0
1401,1,23,روز دندانپزشک,0
1401,1,23,زادروز یان تینبرگن اقتصاددان,0
1401,1,23,درگذشت ایگور یوگنیویچ تام فیزیکدان و ریاضی‌دان روسی,0
1401,1,24,درگذشت جان ویلر فیزیکدان آمریکایی,0
1401,1,25,روز بزرگداشت عطار نیشابوری,0
1401,1,25,کشتی مسافربر تایتانیک با ۲۲۰۰ مسافر و خدمه در حوالی کانادا غرق شد.,0
1401,1,25,درگذشت جرج فردریک هندل آهنگساز آلمانی,0
1401,1,26,زاد روز لئوناردو داوینچی دانشمند,0
1401,1,26,درگذشت میخاییل لومونسف نویسنده و دانشمند روسی,0
1401,1,27,ولادت امام حسن مجتبی علیه السلام,0
1401,1,27,زادروز چارلی چاپلین کمدین مشهور,0
1401,1,27,درگذشت یاسوناری کاواباتا نویسنده ژاپنی,0
1401,1,28,درگذشت بنجامین فرانکلین ,0
1401,1,28,درگذشت هنریک کارل پیتر دام زیست‌شناس و شیمیدان برندهٔ جایزه نوبل پزشکی ۱۹۴۳ از دانمارک,0
1401,1,29,روز ارتش جمهوری اسلامی ایران,0
1401,1,29,روز جهانی میراث فرهنگی,0
1401,1,30,شب قدر,0
1401,1,30,روز علوم آزمایشگاهی,0
1401,1,30,درگذشت پی‌یر کوری فیزیکدان فرانسوی,0
1401,1,30,زادروز گلن سیبورگ دانشمند آمریکایی,0
1401,1,31,ضربت خوردن حضرت علی علیه السلام,0
1401,2,1,روز بزرگداشت سعدی,0
1401,2,1,درگذشت سهراب سپهری شاعر و نقاش ایرانی,0
1401,2,2,جشن گیاه آوری؛ روز زمین,0
1401,2,2,شهادت حضرت علی علیه السلام,0
1401,2,2,زادروز قیصر امین‌پور نویسنده,0
1401,2,2,زادروز یاور همدانی,0
1401,2,3,روزبزرگداشت شیخ بهایی؛ روزملی کارآفرینی,0
1401,2,3,شب قدر,0
1401,2,3,روز جهانی کتاب و حق نشر,0
1401,2,4,آغاز به کار نخستین فرستنده عمومی رادیویی در ایران به نام «رادیو تهران»,0
1401,2,4,زادروز کارل اشپیتلر شاعر سوئیسی آلمانی,0
1401,2,4,درگذشت ماکس فون لائو فیزیک‌دان آلمانی,0
1401,2,5,زادروز گولیلمو مارکونی مهندس برق ایتالیایی,0
1401,2,5,زادروز جلیل ضیاءپور,0
1401,2,6,درگذشت بیورنستیرن بیورنسون نویسندهٔ نروژی,0
1401,2,6,درگذشت کارل بوش شیمی‌دان و مهندس آلمانی,0
1401,2,7,درگذشت رالف والدو امرسون فیلسوف و نویسندهٔ آمریکایی,0
1401,2,8,زادروز سیمین دانشور نویسنده و مترجم ایرانی,0
1401,2,9,روزشوراها,0
1401,2,9,روز جهانی روانشناس و مشاور,0
1401,2,9,درگذشت ذبیح‌الله صفا,0
1401,2,10,جشن چهلم نوروز؛ روز ملی خلیج فارس,0
1401,2,10,زادروز کارل فریدریش گاوس ریاضیدان مشهور آلمانی,0
1401,2,11,روزجهانی  کارگر,0
1401,2,11,انتشار نخستین روزنامه در ایران به نام «کاغذ اخبار» توسط «میرزا صالح شیرازی»,0
1401,2,12,شهادت استاد مرتضی مطهری,0
1401,2,12,عید سعید فطر,0
1401,2,12,درگذشت محمدرضا لطفی,0
1401,2,12,درگذشت لئوناردو داوینچی,0
1401,2,13,تعطیل به مناسبت عید سعید فطر,0
1401,2,13,زادروز جرج پاجت تامسون فیزیک‌دان انگلیسی,0
1401,2,13,زادروز آلفرد کاستلر فیزیکدان فرانسوی,0
1401,2,14,زادروزخواجه عبدالله انصاری,0
1401,2,15,جشن میانه بهار,0
1401,2,15,روز جهانی ماما,0
1401,2,15,زادروز غلامحسین بنان,0
1401,2,16,درگذشت حسین منزوی شاعر نامدار ایرانی,0
1401,2,17,روز اسناد ملی و میراث مکتوب,0
1401,2,17,رابیندرانات تاگور شاعر,0
1401,2,17,درگذشت ویلارد بویل فیزیکدان کانادایی,0
1401,2,18,روز جهانی صلیب سرخ و هلال احمر,0
1401,2,19,درگذشت آلبرت آبراهام مایکلسون فیزیک‌دان آمریکایی,0
1401,2,20,درگذشت توماس یانگ فیزیک‌دان برجستهٔ انگلیسی,0
1401,2,20,نلسون ماندلا,0
1401,2,21,زادروز فرنگیس یگانگی بنیان‌گذار و نخستین مدیرعامل سازمان صنایع دستی ایران,0
1401,2,22,زادروز مریم میرزاخانی ریاضیدان ایرانی,0
1401,2,22,روز جهانی زن در ریاضیات (به افتخار روز تولد مریم میرزاخانی),0
1401,2,23,درگذشت ژوزف هانری دانشمند و فیزیکدان سرشناس آمریکایی,0
1401,2,24,زادروز پرویز مشکاتیان آهنگساز,0
1401,2,25,روز بزرگداشت فردوسی,0
1401,2,27,روز ارتباطات و روابط عمومی,0
1401,2,27,زادروز ادوارد جنر,0
1401,2,28,روز بزرگداشت حکیم عمر خیام,0
1401,2,28,روز جهانی موزه و میراث فرهنگی,0
1401,2,28,زادروز برتراند راسل ریاضی‌دان,0
1401,2,29,زادروز ناتانیل هاثورن نویسنده آمریکایی,0
1401,2,29,زادروز یوهان گوتلیب فیشته فیلسوف ایدئالیست آلمانی,0
1401,2,30,زادروز جان استوارت‌میل,0
1401,2,30,درگذشت کریستف کلمب,0
1401,3,1,روز بهره وری و بهینه سازی مصرف,0
1401,3,1,روز بزرگداشت ملاصدرا,0
1401,3,1,زادروز جلیل شهناز,0
1401,3,1,درگذشت ویکتور هوگو شاعر و رمان‌نویس فرانسوی,0
1401,3,2,درگذشت هنریک ایبسن شاعر,0
1401,3,3,فتح خرمشهر در عملیات بیت المقدس و روز مقاومت,0
1401,3,4,روز دزفول,0
1401,3,4,زادروز ریموند کارور,0
1401,3,5,شهادت امام جعفر صادق علیه السلام,0
1401,3,5,درگذشت هوشنگ سیحون معمار,0
1401,3,6,خرداد روز,0
1401,3,6,پل گلدن گیت,0
1401,3,6,درگذشت ارنست روسکا فیزیکدان آلمانی,0
1401,3,7,زادروز پاتریک وایت نویسنده اهل کشور استرالیا,0
1401,3,7,درگذشت ایلیا پریگوژین شیمی فیزیکدان روسی,0
1401,3,8,زادروز پیتر هیگز فیزیک‌دان انگلیسی,0
1401,3,8,درگذشت خوآن رامون خیمنس شاعر اسپانیایی,0
1401,3,9,درگذشت فرانسوا-ماری آروئه با نام مستعار وُلتر,0
1401,3,9,زادروز برایان کبیلکا شیمیدان آمریکایی,0
1401,3,10,ولادت حضرت معصومه سلام الله علیها و روز دختران,0
1401,3,10,درگذشت یوزف هایدن,0
1401,3,10,درگذشت اواریست گالوا ریاضی‌دان فرانسوی,0
1401,3,11,درگذشت هلن کلر,0
1401,3,11,درگذشت جان دیویی فیلسوف آمریکایی قرن بیستم,0
1401,3,12,زادروز توماس هاردی,0
1401,3,12,زادروز مارکی دو ساد نویسنده و فیلسوف فرانسوی,0
1401,3,13,زادروز آلن گینزبرگ شاعر آمریکایی,0
1401,3,14,رحلت حضرت امام خمینی,0
1401,3,14,درگذشت ماری کوری کاشف پولونیم و رادیوم,0
1401,3,14,درگذشت جاکومو کازانووا نویسنده ایتالیایی,0
1401,3,15,قیام 15 خرداد,0
1401,3,15,روز جهانی محیط زیست,0
1401,3,15,درگذشت شیخ بهایی دانشمند عصر صفوی,0
1401,3,16,زادروز کارل فردیناند برون مخترع,0
1401,3,16,درگذشت گرهارد هاوپتمان نمایشنامه‌نویس آلمانی,0
1401,3,17,زادروز فیلیپ لنارت فیزیکدان آلمانی مجاری‌تبار,0
1401,3,17,زادروز اورهان پاموک رمان‌نویس اهل کشور ترکیه,0
1401,3,18,زادروز فرانسیس کریک,0
1401,3,18,درگذشت ژرژ ساند رمان‌نویس,0
1401,3,19,زادروز برتا سوتنر رمان‌نویس,0
1401,3,19,درگذشت آدولف وینداوس شیمیدان,0
1401,3,20,روز جهانی صنایع دستی,0
1401,3,20,ولادت امام  رضا علیه السلام,0
1401,3,20,زادروز گوستاو کوربه نقاش فرانسوی,0
1401,3,21,زادروز ریشارد اشتراوس,0
1401,3,21,درگذشت کلمنس ونتسل فون مترنیخ سیاستمدار اتریشی,0
1401,3,22,روز جهانی مبارزه با کار کودکان,0
1401,3,22,زادروز اگون شیله نقاش اتریشی,0
1401,3,23,درگذشت ویلیام نولز شیمیدان آمریکایی,0
1401,3,23,زادروز جان فوربز نش ریاضیدان آمریکایی,0
1401,3,24,روز جهانی اهدای خون,0
1401,3,25,روز ملی گل وگیاه,0
1401,3,25,درگذشت وندل مردیت استنلی بیوشیمیست و ویروس‌شناس آمریکایی,0
1401,3,26,زادروز توران میرهادی استاد ادبیات کودک,0
1401,3,26,زادروز باربارا مک‌کلینتوک دانشمند آمریکایی,0
1401,3,27,روز جهاد کشاورزی,0
1401,3,27,روز جهانی بیابان زدایی,0
1401,3,27,درگذشت جلیل شهناز,0
1401,3,28,درگذشت پل کارر شیمیدان سوئیسی,0
1401,3,28,زادروز چارلز لاورن زیست‌شناس فرانسوی,0
1401,3,29,درگذشت دکتر علی شریعتی,0
1401,3,29,زادروز آنگ سان سو چی فعال سیاسی,0
1401,3,29,درگذشت ویلیام گلدینگ شاعر و رمان‌نویس بریتانیایی,0
1401,3,30,درگذشت ژرژ لومتر کشیش و فیزیکدان بلژیکی,0
1401,3,31,شهادت دکتر مصطفی چمران,0
1401,4,1,جشن آب پاشونک,0
1401,4,1,روز اصناف,0
1401,4,1,درگذشت ابن سینا فیلسوف,0
1401,4,1,درگذشت غیاث‌الدین جمشید کاشانی ریاضیدان و اخترشناس ایرانی,0
1401,4,2,زادروز آلن تورینگ,0
1401,4,3,درگذشت ابن سینا پزشک و فیلسوف ایرانی,0
1401,4,3,زادروز فرد هویل ستاره‌شناس بریتانیایی,0
1401,4,4,زادروز آنتونیو گائودی کُرنت معمار کاتالان,0
1401,4,5,روز جهانی مبارزه با مواد مخدر,0
1401,4,5,درگذشت میرزا احمد آشتیانی فقیه,0
1401,4,5,زادروز لرد کلوین,0
1401,4,6,درگذشت سوفی ژرمن ریاضی‌دان,0
1401,4,7,انفجار دفتر حزب جمهوری اسلامی و شهادت دکتر بهشتی و 72 نفر از اعضای حزب؛ روز قوه قضاییه,0
1401,4,7,زادروز ژان پی‌یر اوئل نقاش فرانسوی,0
1401,4,8,روز مبارزه با سلاح های شیمیایی و میکروبی,0
1401,4,8,شهادت امام محمد تقی علیه السلام,0
1401,4,8,زادروز آنتوان دو سنت‌اگزوپری نویسنده و خلبان فرانسوی,0
1401,4,8,درگذشت توماس هنری هاکسلی,0
1401,4,9,درگذشت جان استرات,0
1401,4,10,روز صنعت و معدن,0
1401,4,10,ژان ویکتور پونسله ریاضی‌دان و بنیادگذار هندسه تحلیلی اهل فرانسوی,0
1401,4,10,درگذشت لویی فردینان سلین نویسنده فرانسوی,0
1401,4,11,درگذشت کیخسرو شاهرخ,0
1401,4,11,درگذشت داگلاس انگلبارت مخترع آمریکایی موشواره,0
1401,4,13,تیر روز,0
1401,4,13,زادروز فرشید مثقالی مجسمه‌ساز,0
1401,4,14,روز قلم,0
1401,4,14,درگذشت آلبرشت کوسل زیست‌شناس آلمانی,0
1401,4,15,جشن خام خواری,0
1401,4,15,شهادت امام محمد باقر علیه السلام,0
1401,4,15,درگذشت ویلیام فاکنر,0
1401,4,15,زادروز دالایی لامای چهاردهم,0
1401,4,16,زادروز کامیلو گولگی زیست‌شناس ایتالیایی,0
1401,4,16,درگذشت یوهانا اشپیری نویسنده داستان‌های کودکان,0
1401,4,17,روز عرفه,0
1401,4,17,درگذشت کارو لوکس,0
1401,4,17,زادروز پیوتر کاپیتسا فیزیک‌دان روسی مولداوی,0
1401,4,18,عید سعید قربان,0
1401,4,18,درگذشت ژرژ باتای فیلسوف فرانسوی,0
1401,4,18,درگذشت آمادئو آووگادرو دانشمند ایتالیایی,0
1401,4,19,زادروز نیکولا تسلا مخترع و فیزیکدان آمریکایی,0
1401,4,19,درگذشت یوهان گوتفرید گاله ستاره‌شناس آلمانی,0
1401,4,20,زادروز تئودور میمن فیزیک‌دان آمریکایی و سازندهٔ اولین لیزر در جهان,0
1401,4,20,درگذشت جوزپه آرچیمبولدو نقاش ایتالیایی,0
1401,4,21,زادروز ملاله یوسف‌زی,0
1401,4,21,درگذشت مریم میرزاخانی,0
1401,4,22,زادروز عباس زریاب خویی,0
1401,4,22,درگذشت مهدی حمیدی شیرازی,0
1401,4,23,ولادت امام علی النقی الهادی علیه السلام,0
1401,4,23,زادروز گوستاو کلیمت نقاش نمادگرای اتریشی,0
1401,4,23,درگذشت خاسینتو بناونته نمایش‌نامه‌نویس اسپانیایی,0
1401,4,24,درگذشت آنتون چخوف,0
1401,4,25,روز بهزیستی و تامین اجتماعی,0
1401,4,25,زادروز روئال آمونسن,0
1401,4,25,درگذشت هاینریش بل نویسنده آلمانی,0
1401,4,26,عید سعید غدیر خم,0
1401,4,26,درگذشت آنری پوانکاره ریاضیدان,0
1401,4,27,اعلام پذیرش قطعنامه 598 شورای امنیت از سوی ایران,0
1401,4,27,زادروز هندریک لورنتز فیزیکدان هلندی,0
1401,4,27,زادروز نلسون ماندلا از فعّالان برجستهٔ مخالف آپارتاید در آفریقای جنوبی,0
1401,4,28,ولادت امام موسی کاظم علیه السلام,0
1401,4,28,زادروز ادگار دگا نقاش فرانسوی,0
1401,4,28,درگذشت فرانک مک‌کورت نویسندهٔ آمریکایی,0
1401,4,29,زادروز اریک آکسل کارلفلدت شاعر سوئدی,0
1401,4,29,درگذشت گولیلمو مارکونی مهندس برق اهل ایتالیا,0
1401,4,30,زادروز مارشال مک‌لوهان فیلسوف کانادایی,0
1401,4,30,زادروز ارنست همینگوی نویسندهٔ آمریکایی,0
1401,4,31,زادروز گوستاو هرتز فیزیکدان آلمانی,0
1401,4,31,درگذشت کارل سندبرگ شاعر,0
1401,5,1,درگذشت دیوید وارک گریفیث,0
1401,5,1,درگذشت ویلیام رمزی شیمیدان اسکاتلندی,0
1401,5,2,زادروز هنریک پونتوپیدان نویسنده دانمارکی,0
1401,5,2,درگذشت ایزاک بشویس سینگر داستان‌نویس آمریکایی,0
1401,5,3,زادروز الیاس کانتی رمان‌نویس سوئیسی,0
1401,5,4,افتتاح بزرگترین پالایشگاه نفت سنگین جهان در بندرعباس,0
1401,5,4,زادروز جرج برنارد شاو,0
1401,5,4,درگذشت گوتلوب فرگه ریاضیدان,0
1401,5,5,زادروز یوهان برنولی ریاضیدان اهل سوییس,0
1401,5,6,روز ترویج آموزش های فنی و حرفه ای,0
1401,5,7,مرداد روز,0
1401,5,7,درگذشت ونسان ون گوگ نقاش هلندی,0
1401,5,8,روز بزرگداشت شیخ شهاب الدین سهروردی,0
1401,5,9,سالروز اهدای خون در ایران,0
1401,5,10,جشن چله تابستان,0
1401,5,10,آغاز هفته جهانی شیردهی,0
1401,5,10,زادروز ژان باتیست لامارک زیست‌شناس فرانسوی,0
1401,5,11,درگذشت الکساندر گراهام بل دانشمند بریتانیایی,0
1401,5,11,درگذشت ریموند کِلِوی کاروِر جونیور نویسندهٔ داستان‌های کوتاه و شاعر آمریکایی,0
1401,5,12,درگذشت ریچارد ویلشتتر شیمیدان آلمانی,0
1401,5,12,درگذشت آلکساندر سولژنیتسین نویسندهٔ روس,0
1401,5,14,صدور فرمان مشروطیت,0
1401,5,14,برگزاری اولین کنکور در ایران,0
1401,5,14,زادروز نیل آرمسترانگ,0
1401,5,15,زادروز الکساندر فلمینگ دانشمند انگلیسی,0
1401,5,15,درگذشت تئودور آدورنو جامعه‌شناس,0
1401,5,16,تاسوعای حسینی,0
1401,5,16,زادروز الینور اوستروم دانشمند آمریکایی,0
1401,5,17,روز خبرنگار,0
1401,5,17,عاشورای حسینی,0
1401,5,17,درگذشت نویل فرانسیس مات فیزیکدان انگلیسی,0
1401,5,18,زادروز ژان پیاژه روان‌شناس,0
1401,5,18,درگذشت هرمان هسه نویسنده و نقاش آلمانی,0
1401,5,19,شهادت  امام زین العابدین علیه السلام,0
1401,5,19,درگذشت میشل هایدن آهنگساز موسیقی اهل اتریش,0
1401,5,20,زادروز استیو وزنیاک مهندس کامپیوتر,0
1401,5,20,درگذشت مکس تیلر ویروس‌شناس آفریقای جنوبی آمریکایی,0
1401,5,21,درگذشت توماس مان نویسندهٔ آلمانی,0
1401,5,21,زادروز خاسینتو بناونته نمایش‌نامه‌نویس اسپانیایی,0
1401,5,22,روز جهانی چپ دست ها,0
1401,5,22,زادروز فیدل کاسترو,0
1401,5,23,زادروز جان گالزورثی نویسنده و نمایشنامه نویس انگلیسی,0
1401,5,23,درگذشت پل ساباتیه شیمیدان فرانسوی,0
1401,5,24,زادروز ناپلئون بناپارت,0
1401,5,24,زادروز لویی دوبروی فیزیک‌دان فرانسوی,0
1401,5,25,درگذشت ایروینگ لانگمویر شیمی‌دان و فیزیک‌دان آمریکایی,0
1401,5,26,سالروز ورود آزادگانِ سرافراز به وطن,0
1401,5,26,زادروز هرتا مولر نویسنده,0
1401,5,26,زادروز وی. اس. نایپل رمان‌نویس و مقاله‌نویس هندو ترینیدادی‌تبار بریتانیایی,0
1401,5,28,سالروز وقایع 28 مرداد و برکناری دکتر محمد مصدق,0
1401,5,28,سالروز فاجعه آتش زدن سینما رکس آبادان,0
1401,5,28,روز جهانی عکاسی,0
1401,5,28,درگذشت لینوس پاولینگ دانشمند آمریکایی,0
1401,5,29,آغاز به کار نخسین جشنواره فیلم کن در شهر کن فرانسه با رقابت ۱۱ فیلم برای کسب نخل طلایی,0
1401,5,29,درگذشت آدولف فون بایر شیمی‌دان آلمانی,0
1401,5,29,درگذشت پل الریخ,0
1401,5,30,روز پزشک,0
1401,5,30,زادروز ابن سینا پزشک و شاعر و از مشهورترین و تاثیرگذارترینِ فیلسوفان و دانشمندان ایران‌زمین,0
1401,5,31,درگذشت روژه مارتن دوگار نویسندهٔ فرانسوی,0
1401,6,1,روز بزرگداشت ابوعلی سینا و روز پزشک,0
1401,6,1,درگذشت جان کندرو بیوشیمیست انگلیسی,0
1401,6,2,آغاز هفته دولت,0
1401,6,2,زادروز پائولو کوئلیو نویسنده برزیلی,0
1401,6,2,زادروز ژان اگوست دومینیک انگر,0
1401,6,4,زادروز داراب (کوروش),0
1401,6,4,شهریور روز,0
1401,6,4,روز کارمند,0
1401,6,4,زادروز آنتوان لاووازیه,0
1401,6,5,روز بزرگداشت محمدبن زکریای رازی و روز داروساز,0
1401,6,5,درگذشت چزاره پاوزه رمان نویس,0
1401,6,5,درگذشت چزاره پاوزه رمان نویس,0
1401,6,5,درگذشت لوکوربوزیه معمار,0
1401,6,5,درگذشت لوکوربوزیه معمار,0
1401,6,6,زادروز یوهان ولفگانگ گوته شاعر,0
1401,6,6,درگذشت ملوین شوارتز فیزیک‌دان آمریکایی,0
1401,6,8,انفجار در دفتر نخست‌وزیری جمهوری اسلامی ایران,0
1401,6,8,تولد ارنست رادفورد,0
1401,6,8,درگذشت علامه حلی از علمای شیعه قرن هشتم قمری,0
1401,6,9,درگذشت ویلهلم وونت پزشک,0
1401,6,10,امضای معاهده تقسیم ایران بین روسیه و انگلیس,0
1401,6,11,روزصنعت چاپ,0
1401,6,11,وقوع زلزله بویین زهرا و مرگ بیش از 25 هزار نفر,0
1401,6,11,وقوع آتش سوزی بزرگ لندن,0
1401,6,11,درگذشت محمود حسابی فیزیکدان,0
1401,6,13,روز بزرگداشت ابوریحان بیرونی,0
1401,6,13,روز تعاون,0
1401,6,13,زادروز ویلیام باتلر ییتس نویسنده و شاعر ایرلندی و برنده جایزه ادبیات نوبل,0
1401,6,14,زادروز ابوریحان بیرونی دانشمند بزرگ,0
1401,6,14,درگذشت رودولف فیرخو پزشک,0
1401,6,15,زادروز ادوارد ویکتور اپلتون فیزیک‌دان انگلیسی,0
1401,6,15,درگذشت سولی پرودوم شاعر فرانسوی,0
1401,6,16,درگذشت ادوین مک‌میلان فیزیکدان آمریکایی,0
1401,6,17,قیام 17 شهریور,0
1401,6,17,زادروز فردریک میسترال نویسندهٔ فرانسوی,0
1401,6,17,درگذشت جلال آل احمد روشنفکر دینی,0
1401,6,18,درگذشت علینقی وزیری,0
1401,6,18,درگذشت ژاک لاکان پزشک,0
1401,6,19,درگذشت آیت الله سید محمود طالقانی,0
1401,6,19,روز جهانی پیشگیری از خودکشی,0
1401,6,19,درگذشت مری ولستون‌کرافت نویسندهٔ انگلیسی,0
1401,6,20,حمله به برج‌های دوقلوی مرکز تجارت جهانی,0
1401,6,20,درگذشت محمدعلی جناح بنیانگذار کشور پاکستان,0
1401,6,21,روز سینما,0
1401,6,21,روز گرامیداشت برنامه نویسان,0
1401,6,21,درگذشت جانی کش خواننده,0
1401,6,21,درگذشت نورمن بورلاگ دانشمند آمریکایی,0
1401,6,22,کشته شدن شیخ محمد خیابانی از فعالان سیاسی در دوره انقلاب مشروطه ایران,0
1401,6,23,سفر انوشه انصاری به‌عنوان اولین زن گردشگر فضایی به دور مدار زمین,0
1401,6,23,درگذشت هانیبال الخاص,0
1401,6,23,انتخاب تئودور روزولت از حزب جمهوری‌خواه به عنوان بیست و ششمین رئیس جمهور ایالات متحده در پی ترور ویلیام مک کینلی,0
1401,6,23,زادروز ایوان پاولف روان‌شناس روس,0
1401,6,24,اعدام صادق قطب‌زاده,0
1401,6,24,ثبت دامنه اینترنتی جست‌وجوگر گوگل (google.com) پربازدیدترین وب سایت جهان,0
1401,6,24,زادروز مارکو پولو,0
1401,6,24,درگذشت عبدالحسین زرین‌کوب خوانساری,0
1401,6,24,درگذشت اوریانا فالاچی,0
1401,6,24,زادروز موری گل مان فیزیکدان آمریکایی,0
1401,6,25,اربعین حسینی,0
1401,6,25,زمین لرزه طبس به قدرت 7,0
1401,6,25,درگذشت ژان پیاژه روان‌شناس,0
1401,6,25,برگزاری انتخابات دوره نخست مجلس شورای ملی,0
1401,6,25,درگذشت رونالد راس زیست‌شناس انگلیسی,0
1401,6,26,لغو عهدنامه ۱۹۷۵ الجزایر توسط صدام حسین,0
1401,6,26,زادروز برنهارت ریمان ریاضی‌دان آلمانی,0
1401,6,26,درگذشت کارل پوپر فیلسوف ونویسندهٔ انگلیسی,0
1401,6,26,سالروز ترور میکونوس در شهر برلین,0
1401,6,27,روز شعر و ادب پارسی و  روز بزرگداشت استاد شهریار,0
1401,6,27,سالروز تأسیس روزنامه نیویورک تایمز,0
1401,6,27,درگذشت سید محمدحسین شهریار شاعر نامدار ایرانی,0
1401,6,28,درگذشت ایتالو کالوینو نویسنده,0
1401,6,28,زادروز ویلیام گلدینگ شاعر و رمان‌نویس بریتانیایی,0
1401,6,29,محاصره اورشلیم یا بیت‌المُقَّدَس توسط صلاح‌الدین ایوبی بنیان‌گذار دودمان ایوبیان,0
1401,6,29,تأسیس مجمع ملی فرانسه در هنگامه‌ی انقلاب فرانسه که نقش مجلس مؤسسان قانون اساسی و قانون‌گذاری را به عهده داشت.,0
1401,6,30,روز گفتگوی تمدنها,0
1401,6,30,روز جهانی صلح,0
1401,6,30,درگذشت آرتور شوپنهاور فیلسوف آلمانی,0
1401,6,30,استقلال جمهوری ارمنستان از اتحاد جماهیر شوروی,0
1401,6,30,زادروز فریدون مشیری  شاعر ایرانی,0
1401,6,30,زادروز لئونارد کوهن شاعر,0
1401,6,30,درگذشت ویرژیل شاعر روم باستان و خالق منظومه حماسی و ملی انه‌اید,0
1401,6,30,درگذشت پرویز مشکاتیان موسیقی‌دان و نوازنده ایرانی,0
1401,6,30,زادروز هایک کامرلینگ اونس فیزیکدان هلندی,0
1401,6,31,آغاز هفته دفاع مقدس,0
1401,6,31,اعلام موجودیت جمهوری اول فرانسه,0
1401,6,31,صدور اعلامیه آزادی بردگان در ایالات متحده آمریکا,0
1401,6,31,زادروز مایکل فارادی فیزیکدان و شیمیدان انگلیسی,0
1401,6,31,زادروز پرویز یاحقی,0
1401,6,31,زادروز آندریا بوچلی خواننده‌ی ایتالیایی,0
1401,7,1,زادروز قوبلای خان پنجمین خانِ بزرگ امپراتوری مغول,0
1401,7,1,زادروز محمدرضا شجریان خواننده,0
1401,7,1,زادروز حسین منزوی شاعر ایرانی,0
1401,7,1,نپتون هشتمین سیاره سامانه خورشیدی,0
1401,7,1,درگذشت زیگموند فروید عصب‌شناس اتریشی و پایه‌گذار مکتب روان‌کاوی,0
1401,7,1,آغاز حمله مغول به ایران در پاییز 598 خورشیدی,0
1401,7,2,رحلت  رسول اکرم؛شهادت امام حسن مجتبی علیه السلام,0
1401,7,2,هوندا شرکت بزرگ ژاپنی تولیدکنندهٔ موتورسیکلت و بعدها خودرو,0
1401,7,2,نیوکمپ,0
1401,7,2,درگذشت میرزا تورسون‌زاده قهرمان ملی ,0
1401,7,3,زادروز پدرو آلمودوار کارگردان,0
1401,7,3,زادروز ویلیام فاکنر نویسندهٔ آمریکایی,0
1401,7,3,انحلال حزب رستاخیز,0
1401,7,3,درگذشت اریش ماریا رمارک نویسندهٔ آلمانی,0
1401,7,4,شهادت امام رضا علیه السلام,0
1401,7,4,ارائه نظریه نسبیت خاص توسط آلبرت انیشتین,0
1401,7,4,زادروز ایوان پاولف عصب‌شناس,0
1401,7,4,زادروز تی. اس. الیوت شاعر,0
1401,7,4,زادروز مارتین هایدگر فیلسوف آلمانی,0
1401,7,4,نخستین پرواز هواپیمای پهن پیکر بوئینگ ۷۶۷,0
1401,7,4,تأسیس باشگاه فوتبال استقلال (تاج),0
1401,7,5,روز جهانی جهانگردی,0
1401,7,5,هجرت پیامبر اکرم از مکه به مدینه,0
1401,7,5,فرمول «هم‌ارزی جرم و انرژی» (E=mc۲) یکی از مشهورترین معادله‌ها در علم فیزیک,0
1401,7,5,در جریان جنگ جهانی دوم و حمله نیروهای آلمان نازی به ورشو پایتخت لهستان,0
1401,7,5,طالبان با تصرف کابل پایتخت افغانستان,0
1401,7,6,اعدام سید مهدی هاشمی به جرم توطئه علیه نظام و بانی فاش ساختن رسوایی ایران-کنترا,0
1401,7,6,تصویب قانون اساسی جمهوری پنجم فرانسه,0
1401,7,6,درگذشت جمال عبدالناصر رئیس‌جمهور مصر از ۱۹۵۶ تا هنگام مرگ,0
1401,7,6,درگذشت ادوین هابل دانشمند اخترشناس آمریکایی,0
1401,7,6,زادروز کنفوسیوس مشهورترین آموزگار,0
1401,7,6,درگذشت لویی پاستور شیمی‌دان و زیست‌شناس مشهورفرانسوی,0
1401,7,7,روز آتش نشانی و ایمنی,0
1401,7,7,سقوط هواپیمای حامل جمعی از فرماندهان جنگ (کلاهدوز,0
1401,7,7,تأسیس اسکاتلندیارد,0
1401,7,7,زادروز میگل دِ سِروانتِس رمان‌نویس,0
1401,7,7,درگذشت رودلف دیزل مخترع و مهندس مکانیک آلمانی,0
1401,7,7,درگذشت امیل زولا نویسندهٔ فرانسوی,0
1401,7,7,زادروز انریکو فرمی فیزیکدان آمریکایی,0
1401,7,8,روزبزرگداشت مولوی,0
1401,7,8,روز جهانی ناشنوایان,0
1401,7,8,روز جهانی ترجمه و مترجم,0
1401,7,8,درگذشت جیمز دین بازیگر آمریکایی,0
1401,7,8,سالروز «قتل عام بابی یار» و کشتار ۳۳٬۷۷۱ یهودی به‌دست یک واحد ویژهٔ «اس اس» آلمان نازی در دره ای به نام «بابی یار» در حد فاصل شمالی شهر کی‌اف در اوکراین,0
1401,7,8,زادروز ژان باپتیست پرَن فیزیکدان فرانسوی,0
1401,7,8,درگذشت چارلز فرانسیس ریشتر زلزله شناس آمریکایی,0
1401,7,9,روز جهانی سالمندان,0
1401,7,9,پیروزی اسکندر مقدونی در نبرد گوگمل و شکست شاه ایران,0
1401,7,9,انتخاب فرانسیسکو فرانکو به سمت رهبری رژیم ناسیونالیست اسپانیا و آغاز جنگ داخلی اسپانیا,0
1401,7,9,تأسیس جمهوری خلق چین توسط مائو تسه‌تونگ,0
1401,7,9,اعدام خسرو قشقایی به اتهام مبارزه مسلحانه علیه جمهوری اسلامی در فیروزآباد فارس,0
1401,7,9,اعلام حکم دادگاه نورنبرگ پس از خاتمه جنگ جهانی دوم و محکوم کردن ۱۲ افسر آلمان نازی به جرم جنایت علیه بشریت,0
1401,7,9,قتل عبدالحسین تیمورتاش,0
1401,7,10,مهر روز,0
1401,7,10,تأسیس حزب توده ایران,0
1401,7,10,زادروز ماهاتما گاندی,0
1401,7,10,زادروز ویلیام رمزی شیمیدان اسکاتلندی,0
1401,7,10,درگذشت سوانت آرنیوس شیمیدان سوئدی,0
1401,7,11,آغاز به کار نخستین فرستنده تلویزیون ایران,0
1401,7,11,بازگشت چارلز داروین,0
1401,7,11,در طی نشست لوکا,0
1401,7,12,شهادت امام حسن عسکری علیه السلام,0
1401,7,12,گشایش ساختمان تازه آرامگاه فردوسی شاعر بلندآوازه‌ی ایران,0
1401,7,12,قرارگرفتن اسپوتنیک ۱,0
1401,7,12,درگذشت ماکس پلانک فیزیک‌دان آلمانی و پدر نظریهٔ کوانتوم,0
1401,7,12,درگذشت نورمن ویزدوم هنرپیشه و کمدین معروف انگلیسی,0
1401,7,13,روز نیروی انتظامی,0
1401,7,13,روز جهانی معلم,0
1401,7,13,آغاز جمهوری پنجم فرانسه و جایگزینی نظام پارلمانیِ جمهوری چهارم با به نظام ریاستی,0
1401,7,13,درگذشت استیو جابز بنیانگذار و رئیس پیشین شرکت اپل,0
1401,7,13,استعفای «اسلوبودان میلوشویچ» رئیس جمهور وقت صربستان در جریان انقلاب پنجم اکتبر,0
1401,7,13,زادروز واتسلاو هاول نویسنده و اولین رئیس جمهور جمهوری چک,0
1401,7,13,درگذشت فریدون فروغی آهنگ‌ساز,0
1401,7,14,روز دامپزشکی,0
1401,7,14,ترور محمد انور سادات,0
1401,7,14,آغاز جنگ یوم کیپور و حمله ارتش‌های مصر و سوریه از دو جبهه به اسرائیل,0
1401,7,14,تأسیس انجمن جهانی قلم در لندن,0
1401,7,14,افتتاح کاباره پرآوازه‌ی «مولن‌روژ» در پاریس,0
1401,7,15,زادروز ولادیمیر پوتین دومین رئیس جمهور کشور روسیه بعد از فروپاشی اتحاد جماهیر شوروی,0
1401,7,15,زادروز هاینریش هیملر فرمانده اِس اِس و از مردان مقتدر آلمان نازی و مسئول اصلی هولوکاست,0
1401,7,15,حمله‌ی ارتش ایالات متحده آمریکا به افغانستان با هدف براندازی حکومت طالبان و دستگیری اعضای القاعده,0
1401,7,16,روز ملی کودک,0
1401,7,16,میلاد رسول اکرم به روایت اهل سنت,0
1401,7,16,آتش‌سوزی بزرگ شهر شیکاگو و سوختن ۱۷٬۴۵۰ خانه با ۲۵۰ تن کشته و ۹۰٬۰۰۰ نفر بی‌خانمان,0
1401,7,16,اعلان جنگ کشور مونته نگرو به امپراتوری عثمانی و آغاز جنگ اول بالکان,0
1401,7,16,زادروز اتو واربورگ زیست‌شناس آلمانی,0
1401,7,17,روز جهانی پست,0
1401,7,17,اعدام ارنستو چه‌گوارا توسط سربازان ارتش بولیوی به جرم تحریک برای برپایی یک انقلاب در بولیوی,0
1401,7,17,اعطای جایزه نوبل صلح به آندره ساخاروف دانشمند شوروی و معروف به «پدر بمب هیدروژنی»,0
1401,7,17,نخستین انتخابات ریاست جمهوری مردم افغانستان پس از سقوط حکومت طالبان,0
1401,7,17,زادروز جان لنون خواننده,0
1401,7,17,زادروز هرمان امیل فیشر شیمیدان آلمانی,0
1401,7,17,زادروز ماکس فون لائو فیزیک‌دان آلمانی,0
1401,7,18,روز جهانی مبارزه با حکم اعدام,0
1401,7,18,استقلال کشور فیجی از انگلستان,0
1401,7,18,درگذشت اورسن ولز کارگردان,0
1401,7,18,کشف تریتون,0
1401,7,19,روز جهانی دختر,0
1401,7,19,نخستین مأموریت همراه با آدم برنامه آپولو ناسا  از پایگاه پرتاب ۳۴ در دماغه کاناورال ایالت فلوریدا در ایالات متحده آمریکا,0
1401,7,19,گشایش دانشگاه سیدنی,0
1401,7,19,زادروز آمیتاب باچان بازیگر,0
1401,7,19,درگذشت جیمز ژول فیزیکدان انگلیسی,0
1401,7,20,روز بزرگداشت حافظ,0
1401,7,20,درگذشت دنیس ریچی  نویسنده زبان برنامه‌نویسی C و سیستم عامل UNIX,0
1401,7,20,زادروز لوچیانو پاواروتی خوانندهٔ اپرا اهل ایتالیا,0
1401,7,20,افتتاحیه بازی‌های المپیک تابستانی ۱۹۶۸ مکزیکوسیتی,0
1401,7,21,جشن پیروزی کاوه و فریدون,0
1401,7,21,میلاد رسول اکرم و امام جعفر صادق علیه السلام,0
1401,7,21,شروع ساخت کاخ سفید,0
1401,7,21,زادروز مارگارت تاچر نخست وزیر پادشاهی متحده بریتانیا و ایرلند شمالی بین سال‌های ۱۹۷۹ تا ۱۹۹۰ میلادی,0
1401,7,21,تأسیس تووا یکی از جمهوری‌های خودمختار روسیه در جنوب سیبری,0
1401,7,22,روز جهانی استاندارد,0
1401,7,22,شکستن دیوار صوتی توسط یک خلبان آمریکایی برای نخستین بار با سرعتی بیشتر از سرعت صوت,0
1401,7,22,درگذشت اروین رومل فرماندهٔ نیروهای آلمانی,0
1401,7,22,ورود رسمی بلغارستان به جنگ جهانی اول به طرفداری از آلمان و اتریش,0
1401,7,23,روز جهانی عصای سفید,0
1401,7,23,پرتاب نخستین فضاپیمای سرنشین دار چین به فضا بنام «شنزو ۵»,0
1401,7,23,زادروز فریدریش نیچه دانش‌پژوه و فیلسوف آلمانی,0
1401,7,23,درگذشت آندرئاس وزالیوس پزشک برجستهٔ بلژیکی,0
1401,7,23,زادروز خاچاطور آبوویان نویسنده,0
1401,7,24,روز جهانی غذا,0
1401,7,24,چین نخستین بمب اتمی خود را آزمایش کرد و به پنجمین قدرت اتمی دنیا تبدیل شد.,0
1401,7,24,زادروز یوجین اونیل نمایشنامه‌نویس برجستهٔ آمریکایی,0
1401,7,24,درگذشت جورج مارشال ,0
1401,7,25,روز جهانی ریشه کنی فقر,0
1401,7,25,حضور گروه موسیقی بیتلز برای نخستین بار در یک برنامه زنده تلویزیونی در شبکه «گِرِنادا» در شهر منچستر انگلستان,0
1401,7,25,درگذشت گوستاو کیرشهف فیزیکدان آلمانی,0
1401,7,25,شروع بکار وبگاه بانک اطلاعات اینترنتی فیلم‌ها (IMDB),0
1401,7,26,روز تربیت بدنی و ورزش,0
1401,7,26,درگذشت توماس ادیسون,0
1401,7,26,پرتاب فضاپیمای گالیله به فضا,0
1401,7,26,زادروز ابراهیم گلستان کارگردان,0
1401,7,26,زادروز آنری برگسونفیلسوف وادیب مشهور فرانسوی,0
1401,7,26,درگذشت سانتیاگو رامون کاخال‏ زیست‌شناس و پزشک اسپانیایی,0
1401,7,27,زادروز میگل آنخل آستوریاس شاعر و نویسندهٔ گواتمالائی,0
1401,7,27,زادروز سابراهمانین چاندراسکار اخترفیزیک‌دان آمریکایی,0
1401,7,27,نخستین فرود هواپیمای کنکورد,0
1401,7,28,زادروز جان دیویی از معروفترین فیلسوفان آمریکایی قرن بیستم,0
1401,7,28,درگذشت برت لنکستر بازیگر و تهیه‌کنندهٔ آمریکایی,0
1401,7,28,درگذشت پل دیراک فیزیکدان و ریاضیدان بریتانیایی,0
1401,7,28,اعدام سرهنگ عزت‌الله سیامک به همراه 9 تن دیگر به عنوان اولین گروه از افسران حزب توده بعد از ماجرای 28 مرداد,0
1401,7,28,زادروز جیمز چدویک فیزیکدان بریتانیایی,0
1401,7,29,اختراع لامپ برق توسط توماس ادیسون,0
1401,7,29,زادروز آلفرد نوبل ,0
1401,7,29,توافق اتمی کره شمالی و ایالات متحده آمریکا بر سر متوقف کردن ساخت جنگ‌افزار هسته‌ای,0
1401,7,29,زادروز آلفونس دولامارتین شاعر,0
1401,7,29,روز ملی کوهنورد,0
1401,7,30,ساخت نخستین ماشین فتوکپی با نام زیراکس,0
1401,7,30,زادروز کلینتون دیویسون فیزیکدان آمریکایی,0
1401,7,30,زادروز ایوان الکسیویچ بونین نویسنده و شاعر روس,0
1401,7,30,درگذشت آلبرت سنت-گیورگی ,0
1401,8,1,روز آمار و برنامه ریزی,0
1401,8,1,آغاز کار نخستین فرستنده تلویزیون دولتی ایران,0
1401,8,1,زادروز په له بازیکن سابق تیم ملی فوتبال برزیل ,0
1401,8,1,درگذشت هربرت هاپتمن ریاضی‌دان آمریکایی,0
1401,8,1,درگذشت ادوارد دویسی زیست‌شیمیدان آمریکایی,0
1401,8,2,تأسیس سازمان ملل متحد,0
1401,8,2,سقوط وال‌استریت در سال ۱۹۲۹ سقوط بازار سهام در بازار بورس نیویورک,0
1401,8,2,درگذشت لوئی رنو صنعت‌گر فرانسوی,0
1401,8,3,زادروز اواریست گالوا ریاضیدان فرانسوی,0
1401,8,3,درگذشت فریدون مشیری شاعر ایرانی,0
1401,8,3,زادروز پابلو پیکاسو نقاش,0
1401,8,4,درگذشت محمد بن عبداللّه بنیان‌گذار و پیامبر اسلام,0
1401,8,4,قتل حسن مجتبی امام سوم شیعیان توسط جعده دختر اشعث بن قیس کندی,0
1401,8,4,درگذشت کارلو کلودی نویسندهٔ کودک و نوجوان اهل ایتالیا,0
1401,8,5,زادروز جیمز کوک دریانورد و کاشف انگلیسی,0
1401,8,5,زادروز نیکولو پاگانینی آهنگساز و نوازنده زبردست ویولون اهل ایتالیا,0
1401,8,5,درگذشت وازگن سارگسیان فرمانده نظامی و سیاستمدار ارمنستانی,0
1401,8,6,هجرت محمد (ص) از مکه به مدینه و انتخاب این روز به عنوان مبدأ تاریخ مسلمانان در دو تقویم هجری شمسی و هجری قمری,0
1401,8,6,تاسیس دانشگاه هاروارد نخستین مؤسسه آموزش عالی در آمریکا,0
1401,8,6,زادروز جوناس سالک پزشک آمریکایی,0
1401,8,6,زادروز ویلیام هنری گیتس سوم مشهور به بیل گیتس مدیر شرکت مایکروسافت,0
1401,8,7,سالروز ورود کوروش بزرگ به بابل در سال 539 پیش از میلاد,0
1401,8,7,روز کوروش بزرگ: کوروش بزرگ بنیانگذار امپراتوری هخامنشیان در ایران,0
1401,8,7,زادروز الن جانسون سیرلیف رئیس جمهور لیبریا,0
1401,8,7,درگذشت جوزف پولیتزر روزنامه‌نگار معروف آمریکایی,0
1401,8,8,روز نوجوان,0
1401,8,8,زادروز تئودور هانش فیزیکدان آلمانی,0
1401,8,8,زادروز آیدین آغداشلو نقاش,0
1401,8,8,درگذشت هنری دونانت تاجر و فعال اجتماعی سوئیسی,0
1401,8,9,ترور ایندیرا گاندی نخست وزیر و یکی از برجسته‌ترین و بحث‌برانگیزترین رهبران هند,0
1401,8,9,زادروز جان کیتس شاعر برجستهٔ انگلیسی,0
1401,8,9,درگذشت محمد زکریای رازی پزشک,0
1401,8,10,آبان روز,0
1401,8,10,ویلیام شکسپیر نمایشنامه «اُتلو» را برای نخستین بار در کاخ «وایت هال» لندن به روی صحنه آورد.,0
1401,8,10,زادروز رابرت لافلین فیزیکدان آمریکایی,0
1401,8,10,درگذشت تئودور مومسن تاریخ‌دان,0
1401,8,11,ولادت امام حسن عسکری علیه السلام,0
1401,8,11,درگذشت پیتر دبای دانشمند هلندی,0
1401,8,11,زادروز جرج بول ,0
1401,8,11,زادروز میکائیل نالباندیان شاعر,0
1401,8,11,درگذشت پیتر دبای دانشمند هلندی,0
1401,8,12,اسپوتنیک ۲,0
1401,8,12,زادروز آمارتیا سن برندهٔ هندی جایزه نوبل اقتصاد,0
1401,8,12,الیمپ دگوژ نمایشنامه‌ نویس,0
1401,8,13,روز دانش آموز,0
1401,8,13,وفات حضرت معصومه سلام الله علیها,0
1401,8,13,تولد فردریک بانتینگ کاشف انسولین,0
1401,8,13,درگذشت نورمن فاستر رمزی ,0
1401,8,13,درگذشت مایکل کرایتون نویسنده,0
1401,8,14,روز فرهنگ عمومی,0
1401,8,14,زادروز محمدرضا اسحاقی گرجی,0
1401,8,14,زادروز پل ساباتیه شیمیدان فرانسوی,0
1401,8,14,درگذشت آیزایا برلین فیلسوف سیاسی,0
1401,8,15,جشن میانه پاییز,0
1401,8,15,آبراهام لینکلن برای یک دوره چهارساله به ریاست جمهوری ایالات متحده انتخاب شد,0
1401,8,15,درگذشت هانس فون اوبر شلپین بیوشیمیست آلمانی,0
1401,8,16,تولد ماری کوری کاشف پولونیم و رادیوم,0
1401,8,16,زادروز ماری کوری فیزیکدان و شیمی‌دان لهستانی,0
1401,8,16,زادروز ماری کوری فیزیکدان و شیمی‌دان لهستانی,0
1401,8,16,زادروز محمدتقی بهار ملقب به ملک‌الشعرا,0
1401,8,16,زادروز ماری کوری ,0
1401,8,16,درگذشت استیو مک‌کوئین بازیگر آمریکایی,0
1401,8,18,روز ملی کیفیت,0
1401,8,18,زادروز کریستف کلمب تاجر و دریانورد اسپانیایی,0
1401,8,18,زادروز محمد اقبال شاعر و فیلسوف بزرگ زبان فارسی,0
1401,8,19,تأسیس پلیس صلح بین‌ الملل,0
1401,8,19,زادروز فریدریش شیلر  نمایش‌نامه‌نویس و شاعر آلمانی,0
1401,8,20,زادروز فیودور میخاییلوویچ داستایوسکی نویسندهٔ سرشناس و تأثیرگذار روس,0
1401,8,20,درگذشت آرتوری ایلماری ویرتانن شیمیدان فنلاندی,0
1401,8,21,زادروز نیما یوشیج پدر شعر نو پارسی,0
1401,8,21,زادروز جان استرات ,0
1401,8,21,درگذشت هاراطون داویدیان بنیانگذار روانپزشکی درایران,0
1401,8,22,زادروز ادوارد دویسی زیست‌شیمیدان آمریکایی,0
1401,8,22,زادروز رابرت لویی استیونسن نویسندهٔ اسکاتلندی,0
1401,8,23,روز جهانی دیابت,0
1401,8,23,درگذشت سعید نفیسی,0
1401,8,24,روز کتاب و کتابخوانی,0
1401,8,25,درگذشت هنری تاب شیمیدان آمریکایی کانادایی,0
1401,8,25,درگذشت میلتون فریدمن اقتصاددان آمریکایی,0
1401,8,26,اختراع «موشواره» برای رایانه توسط دکتر داگلاس انگلبارت.,0
1401,8,26,زادروز مارتین اسکورسیزی ,0
1401,8,27,درگذشت والتر نرنست شیمیدان آلمانی,0
1401,8,27,زادروز لوئی داگر نقاش,0
1401,8,28,روز جهانی فلسفه,0
1401,8,28,درگذشت ستارخان ملقب به سردار ملی از سرداران جنبش مشروطه ایران,0
1401,8,28,درگذشت فرانتس شوبرت موسیقیدان اتریشی,0
1401,8,28,زادروز ایندیرا گاندی ,0
1401,8,28,روز جهانی آقایان,0
1401,8,29,روز جهانی کودک,0
1401,8,29,درگذشت لئو تولستوی نویسنده و فعال سیاسی و اجتماعی روس,0
1401,8,29,زادروز نادین گوردیمر نویسنده و فعال سیاسی اهل آفریقای جنوبی,0
1401,8,30,نخستین پرواز ثبت‌شده انسان با بالون توسط برادران مون‌گلفیه در پاریس,0
1401,8,30,زادروز ولتر,0
1401,9,1,آذر جشن,0
1401,9,1,درگذشت هانس آدولف کربس پزشک و زیست‌شیمیدان بریتانیایی-آلمانی,0
1401,9,2,درگذشت غلامحسین درویش معروف به «درویش‌خان»,0
1401,9,2,زادروز یوهان دیدریک وان در والس دانشمند و ترمودینامیک‌دان هلندی,0
1401,9,3,زادروز کیهان کلهر آهنگساز و نوازندهٔ برجسته ایرانی,0
1401,9,3,زادروز باروخ اسپینوزا ,0
1401,9,4,ارائه نظریه نسبیت عام توسط آلبرت انیشتین,0
1401,9,4,روز جهانی مبارزه با خشونت علیه زنان,0
1401,9,4,زادروز کارل بنز مهندس آلمانی ,0
1401,9,4,درگذشت جبار باغچه‌بان بنیان‌گذار نخستین کودکستان و نخستین مدرسه ناشنوایان ایران,0
1401,9,5,روز بسیج مستضعفان,0
1401,9,5,درگذشت هاینریش هرتز,0
1401,9,6,درگذشت یوجین اونیل نمایشنامه‌نویس آمریکایی,0
1401,9,6,درگذشت ایدا لاولیس ریاضیدان انگلیسی,0
1401,9,7,روز نیروی دریایی,0
1401,9,7,زادروز ویلیام بلیک شاعر و نقاش بریتانیایی,0
1401,9,7,زادروز کلود لوی-استروس قوم‌شناس و انسان‌شناس فرانسوی,0
1401,9,8,ولادت حضرت زینب سلام الله علیها و روز پرستار و بهورز,0
1401,9,8,درگذشت یقیشه چارنتس شاعر,0
1401,9,8,زادروز گائتانو دونیزتی آهنگساز ایتالیایی,0
1401,9,9,جشن آذرگان ,0
1401,9,9,زادروز تئودور مومسن تاریخدان,0
1401,9,9,زادروز مارک توین نویسندهٔ آمریکایی,0
1401,9,10,روز مجلس,0
1401,9,10,روز جهانی ایدز,0
1401,9,11,مراسم تاج‌گذاری ناپلئون بُناپارت به عنوان امپراتور فرانسه در کلیسای نوتردام پاریس برگزار شد.,0
1401,9,11,کشته شدن میرزا کوچک خان جنگلی مبارز و رهبر جنبش ملی جنگل,0
1401,9,11,درگذشت لوییز اف لیلویر بیوشیمیست آرژانتینی,0
1401,9,12,روز جهانی معلولان,0
1401,9,12,درگذشت کلود شابرول کارگردان فرانسوی,0
1401,9,12,زادروز کیم دای جونگ رئیس‌جمهور کره جنوبی از سال ۱۹۹۸ تا ۲۰۰۳,0
1401,9,12,رسمی شدن قانون اساسی جمهوری اسلامی ایران,0
1401,9,13,روز بیمه,0
1401,9,13,زادروز توماس کارلایل ,0
1401,9,13,درگذشت توماس هانت مورگان زیست‌شناس آمریکایی,0
1401,9,14,درگذشت نلسون ماندلا نخستین رئیس جمهور آفریقای جنوبی,0
1401,9,15,روز حسابدار,0
1401,9,15,زادروز جرج پرتر شیمیدان انگلیسی,0
1401,9,16,روز دانشجو,0
1401,9,16,کناره گیری رضا شاه از سلطنت به نفع پسرش محمدرضا پهلوی در پی اشغال ایران در جنگ جهانی دوم توسط نیروهای متفقین,0
1401,9,16,درگذشت الی دوکامن,0
1401,9,17,زادروز داریوش مهرجویی کارگردان,0
1401,9,17,زادروز ژان سیبلیوس,0
1401,9,17,درگذشت جرج بول ریاضیدان و فیلسوف انگلیسی,0
1401,9,18,زادروز فریتس هابر شیمیدان آلمانی,0
1401,9,18,درگذشت گوستاف دالن کارخانه‌دار سوئدی,0
1401,9,19,زادروز حیدر رقابی متخلص به هاله از شاعران معاصر اهل ایران,0
1401,9,19,زادروز ایدا لاولیس ,0
1401,9,19,درگذشت آلفرد نوبل شیمیدان,0
1401,9,20,زادروز نجیب محفوظ نویسنده و نمایشنامه‌نویس مصری,0
1401,9,20,درگذشت ونسانت دو وینیو بیوشیمیدان آمریکایی,0
1401,9,20,درگذشت ابوالحسن صدیقی نقاش و مجسمه‌ساز برجستهٔ ایرانی,0
1401,9,20,روز جهانی کوه نوردی,0
1401,9,21,زادروز احمد شاملو شاعر و نویسنده و مترجم ایرانی,0
1401,9,21,زادروز آلفرد ورنر شیمیدان سوئیسی,0
1401,9,22,درگذشت ویکتور گرینیارد شیمیدان فرانسوی,0
1401,9,22,درگذشت پل ساموئلسون اقتصاددان اهل ایالات متحده آمریکا,0
1401,9,23,درگذشت ویسنته آله‌ایخاندره شاعر برجستهٔ متولد کشور اسپانیا,0
1401,9,23,زادروز تیکو براهه,0
1401,9,24,زادروز آنری بکرل فیزیکدان فرانسوی,0
1401,9,24,درگذشت ولفگانگ پائولی فیزیکدان بلندپایه اتریشی,0
1401,9,25,روز پژوهش,0
1401,9,25,درگذشت ویلیام سامرست موآم,0
1401,9,26,روز حمل و نقل,0
1401,9,26,زادروز لودویگ فان بتهوون,0
1401,9,27,زادروز ویلی برانت سیاستمدار آلمانی,0
1401,9,27,زادروز استیون اسپیلبرگ کارگردان,0
1401,9,28,زادروز آلبرت آبراهام مایکلسون فیزیکدان آمریکایی روس‌تبار,0
1401,9,28,درگذشت رابرت میلیکان فیزیکدان برجستهٔ آمریکایی,0
1401,9,29,زادروز دیوید بوهم فیزیک دان مشهور آمریکایی,0
1401,9,29,زادروز یاروسلاو هیروفسکی شیمیدان و مخترع اهل جمهوری چک,0
1401,9,29,درگذشت جان استاینبک نویسندهٔ آمریکایی,0
1401,9,30,جشن شب یلدا,0
1401,10,1,روز میلاد خورشید؛ جشن خرم روز,0
1401,10,2,درگذشت آنتونی فوکر بنیانگذار شرکت فوکر,0
1401,10,3,زادروز احمد محمود نویسندهٔ معاصر ایرانی,0
1401,10,3,درگذشت اکبر رادی نمایشنامه نویس ایرانی,0
1401,10,4,جشن کریسمس,0
1401,10,4,زادروز اسحاق نیوتن فیزیکدان و ریاضیدان انگلیسی,0
1401,10,4,درگذشت چارلی چاپلین بازیگر,0
1401,10,5,سالروز زمین لرزه ی بم در سال 1382,0
1401,10,5,سالروز شهادت آشو زرتشت,0
1401,10,6,شهادت حضرت فاطمه زهرا سلام الله علیها,0
1401,10,6,زادروز یوهانس کپلر دانشمند,0
1401,10,7,زادروز فروغ فرخزاد شاعر ایرانی,0
1401,10,7,درگذشت سوزان سونتاگ نویسنده,0
1401,10,8,دی به آذر روز,0
1401,10,8,زادروز فروغ فرخزاد شاعر ایرانی,0
1401,10,9,درگذشت رومن رولان نویسنده فرانسوی,0
1401,10,9,زادروز فرانسیس-آندره وینسنت نقاش فرانسوی,0
1401,10,10,درگذشت جرارد دبرو اقتصاددان و ریاضیدان فرانسوی,0
1401,10,10,زادروز لیلیت تریان مجسمه‌ساز ایرانی,0
1401,10,11,جشن آغاز سال نو میلادی,0
1401,10,12,روز حافظ,0
1401,10,13,درگذشت نیما یوشیج پدر شعر نو پارسی,0
1401,10,14,زادروز لوئی بریل ابداع کنندهٔ خط بریل,0
1401,10,15,دی به مهر روز,0
1401,10,15,زادروز شاه جهان پنجمین امپراتور سلسله گورکانیان هند,0
1401,10,15,کشته شدن منصور ستاری از فرماندهان نیروی هوایی ارتش جمهوری اسلامی ایران,0
1401,10,16,زادروز جبران خلیل جبران نویسندهٔ سرشناس آمریکایی لبنانی‌الاصل,0
1401,10,16,درگذشت لوئی بریل ابداع کننده خط بریل,0
1401,10,17,اعدام بابک خرمدین به دست معتصم,0
1401,10,17,درگذشت نیکولا تسلا ,0
1401,10,18,زادروز استیون هاوکینگ فیزیکدان و کیهان‌شناس بریتانیایی,0
1401,10,18,درگذشت گالیلئو گالیله دانشمند و مخترع سرشناس ایتالیائی,0
1401,10,19,زادروز سیمون دو بووار فیلسوف و نویسندهٔ فمینیست فرانسوی,0
1401,10,19,درگذشت جیمز مک‌گیل بیوکنن اقتصاددان آمریکایی,0
1401,10,20,سالروز قتل امیرکبیر به دستور ناصرالدین شاه قاجار,0
1401,10,20,درگذشت گابریلا میسترال شاعر,0
1401,10,21,درگذشت کارل دیوید آندرسون فیزیکدان آمریکایی,0
1401,10,22,زادروز جک لندن نویسنده آمریکایی,0
1401,10,22,زادروز محسن هشترودی ریاضی‌دان,0
1401,10,23,دی به دین روز,0
1401,10,23,ولادت حضرت فاطمه زهرا سلام الله علیها و روز مادر,0
1401,10,23,زادروز ویلهلم وین فیزیکدان آلمانی,0
1401,10,24,زادروز آلبرت شوایتسر پزشک و موسیقیدان آلمانی,0
1401,10,24,درگذشت ادموند هالی منجم,0
1401,10,25,موزه بریتانیا در لندن برای بازدید عموم گشایش یافت,0
1401,10,25,نخستین مکالمه تلفنی میان نیویورک و سانفرانسیسکو برقرار شد.,0
1401,10,25,ویکی‌پدیای انگلیسی بزرگترین و قدیمی‌ترین نسخه دانشنامه ویکی‌پدیا آغاز به کار کرد.,0
1401,10,26,درگذشت آرتورو توسکانینی  آهنگساز و موسیقی‌دان و رهبر ارکستر ایتالیایی.,0
1401,10,27,اجرای توافق نامه‌ی برجام,0
1401,10,28,زادروز یوایچیرو نامبو فیزیکدان ژاپنی-آمریکایی,0
1401,10,28,درگذشت رودیارد کیپلینگ نویسنده و رمان‌نویس اهل کشور انگلستان با اصلیت هندی,0
1401,10,29,برای اولین بار,0
1401,10,29,درگذشت اشو عارف,0
1401,10,30,کشف اشعه ایکس توسط ویلهلم کنراد رونتگن فیزیکدان آلمانی.,0
1401,10,30,زادروز یوهانس ویلهلم ینسن نویسنده دانمارکی,0
1401,11,1,زادروز فردوسی,0
1401,11,1,درگذشت جرج اورول,0
1401,11,2,بهمن روز,0
1401,11,2,زادروز لو لانداو فیزیکدان اهل شوروی,0
1401,11,3,ولادت  امام محمد باقر علیه السلام,0
1401,11,3,زادروز درک والکوت شاعر و نمایشنامه نویس انگلیسی,0
1401,11,3,درگذشت سالوادور دالی,0
1401,11,5,جشن نوسره,0
1401,11,5,شهادت امام علی النقی الهادی علیه السلام,0
1401,11,5,زادروز رابرت بویل,0
1401,11,6,درگذشت ادوارد جنر,0
1401,11,6,درگذشت نیکلاوس اتو,0
1401,11,7,زادروز ولفگانگ آمادئوس موتسارت,0
1401,11,7,درگذشت یوهان گوتلیب فیشته,0
1401,11,8,درگذشت ویلیام باتلر ییتس,0
1401,11,9,زادروز آنتوان چخوف,0
1401,11,9,درگذشت فریتس هابر,0
1401,11,10,جشن سده,0
1401,11,10,درگذشت ماهاتما گاندی,0
1401,11,11,درگذشت جان گالزورثی,0
1401,11,12,بازگشت امام خمینی (ره) به ایران,0
1401,11,12,ولادت امام محمد تقی علیه السلام,0
1401,11,12,درگذشت ورنر کارل هایزنبرگ,0
1401,11,12,زادروز امیلیو گینو سگر,0
1401,11,13,درگذشت دمیتری مندلیف,0
1401,11,13,زادروز جیمز جویس,0
1401,11,14,زادروز فلیکس مندلسون,0
1401,11,14,درگذشت آگوست هورش,0
1401,11,15,جشن میانه زمستان,0
1401,11,15,ولادت امام علی علیه السلام و روز پدر,0
1401,11,16,زادروز رابرت هافستاتر,0
1401,11,16,درگذشت واسیلی لئونتیف,0
1401,11,17,وفات حضرت زینب سلام الله علیها,0
1401,11,17,زادروز فرانسوا تروفو,0
1401,11,17,درگذشت گوستاو کلیمت,0
1401,11,18,زادروز چارلز دیکنز نویسندهٔ انگلیسی,0
1401,11,18,زادروز گادفری هارولد هاردی ریاضیدان انگلیسی,0
1401,11,19,روز نیروی هوایی,0
1401,11,19,زادروز ژول ورن,0
1401,11,19,زادروز دمیتری مندلیف,0
1401,11,20,روز جهانی کودک,0
1401,11,20,درگذشت فئودور داستایوسکی,0
1401,11,20,زادروز جان ماکسول کوئتزه,0
1401,11,21,زادروز والتر هاوسر براتین,0
1401,11,21,درگذشت ویلهلم کنراد رونتگن,0
1401,11,22,پیروزی انقلاب اسلامی,0
1401,11,22,تولد توماس ادیسون,0
1401,11,22,حمله به سفارت روسیه و قتل گریبایدوف سفیر روسیه تزاری در ایران,0
1401,11,23,زادروز چارلز داروین بنیانگذار نظریه‌ی فرگشت از طریق انتخاب طبیعی,0
1401,11,23,زادروز جولیان شوینگر,0
1401,11,24,زادروز ویلیام شاکلی,0
1401,11,24,درگذشت ریشارد واگنر,0
1401,11,25,روز ولنتاین,0
1401,11,25,ثبت اختراع تلفن توسط الکساندر گراهام بل,0
1401,11,25,زادروز چارلز تامسون ریس ویلسون,0
1401,11,26,زادروز گالیلئو گالیله,0
1401,11,26,درگذشت اون ویلانز ریچاردسون,0
1401,11,27,شهادت امام موسی کاظم علیه السلام,0
1401,11,27,زادروز ارنست هکل,0
1401,11,27,درگذشت فرانسیس راوس,0
1401,11,28,زادروز آرکانجلو کورلی,0
1401,11,28,درگذشت مسروب ماشتوتس,0
1401,11,29,جشن سپندارمذگان و روز عشق,0
1401,11,29,مبعث  رسول اکرم,0
1401,11,30,درگذشت رابرت کلمن ریچاردسون,0
1401,11,30,زادروز سوانت آرنیوس,0
1401,12,1,زادروز جرج اسموت,0
1401,12,1,درگذشت ماریا ژئوپرت مایر,0
1401,12,2,روز جهانی زبان مادری,0
1401,12,2,درگذشت فردریک بانتینگ کاشف انسولین,0
1401,12,2,درگذشت هایک کامرلینگ اونس,0
1401,12,2,درگذشت میخائیل شولوخف,0
1401,12,3,زادروز فردریک شوپن,0
1401,12,3,درگذشت فردینان دو سوسور,0
1401,12,4,ولادت سالار شهیدان,0
1401,12,4,درگذشت کارل فریدریش گاوس,0
1401,12,5,روز بزرگداشت زمین و بانوان,0
1401,12,5,روز بزرگداشت خواجه نصیر الدین طوسی و روز مهندس,0
1401,12,5,ولادت ابوالفضل العباس علیه السلام و روز جانباز,0
1401,12,6,ولادت امام زین العابدین علیه السلام,0
1401,12,6,درگذشت تئودور سودبرگ شیمیدان سوئدی؛ برندهٔ جایزه نوبل شیمی سال ۱۹۲۶,0
1401,12,6,درگذشت گلن سیبورگ,0
1401,12,7,سالروز استقلال کانون وکلای دادگستری و روز وکیل مدافع,0
1401,12,7,سالروز درگذشت علی اکبر دهخدا,0
1401,12,9,زادروز لینوس پاولینگ,0
1401,12,9,درگذشت دونالد آرتور گلایزر,0
1401,12,11,درگذشت هاوارد کارتر باستان‌شناس و مصرشناس بریتانیایی,0
1401,12,12,ولادت علی اکبر علیه السلام و روز جوان,0
1401,12,12,زادروز الکساندر گراهام بل مخترع تلفن,0
1401,12,14,درگذشت دکتر محمد مصدق,0
1401,12,15,روز درختکاری,0
1401,12,15,زادروز گابریل گارسیا مارکز رمان‌نویس,0
1401,12,16,ولادت حضرت قائم عجل الله تعالی فرجه و جشن نیمه شعبان,0
1401,12,16,درگذشت ادوارد میلز پورسل فیزیکدان آمریکایی برندهٔ جایزه نوبل فیزیک سال ۱۹۵۲,0
1401,12,17,روزجهانی زنان,0
1401,12,18,زادروز یوری گاگارین,0
1401,12,20,درگذشت الکساندر فلمینگ کاشف پنی‌سیلین,0
1401,12,20,زادروز منصور نریمان نوازندهٔ بربط,0
1401,12,21,زادروز فرهاد فخرالدینی موسیقیدان,0
1401,12,21,درگذشت ویلیام هنری براگ فیزیک‌دان و شیمی‌دان بریتانیایی,0
1401,12,23,تولد آلبرت انیشتین,0
1401,12,23,درگذشت ویلیام آلفرد فاولر اخترفیزیک‌دان آمریکایی,0
1401,12,24,درگذشت علی تجویدی,0
1401,12,25,پایان سرایش شاهنامه,0
1401,12,25,زادروز ریچارد استالمن,0
1401,12,25,درگذشت سلما لاگرلوف نویسنده سوئدی,0
1401,12,26,زادروز پروین اعتصامی شاعر ایرانی,0
1401,12,26,درگذشت ایرن ژولیو-کوری فیزیک‌دان و شیمی‌دان فرانسوی,0
1401,12,27,فضانورد روس,0
1401,12,27,درگذشت اریش فروم روانکاو و فیلسوف اجتماعی آمریکایی آلمانی تبار,0
1401,12,29,روز ملی شدن صنعت نفت ایران,0
1401,12,29,روز جهانی شادی,0
